,ID,ElectionYear,CountyName,PartyName,CandidateName,Votes,YesVotes,NoVotes,Percentage,YesVotesPercent,NoVotesPercent,RunningMateName,Level,RankOrder,IsRetention,office
0,2,2018,ADAMS,DEM,"WOLF, THOMAS W ",15862,0,0,40.62,0.00,0.00,"FETTERMAN, JOHN K",ADAMS,1,0,Governor
1,4,2018,ADAMS,REP,"WAGNER, SCOTT R ",22501,0,0,57.62,0.00,0.00,"BARTOS, JEFFREY A",ADAMS,5,0,Governor
2,,2018,ADAMS,GRN,"GLOVER, PAUL ",255,0,0,0.65,0.00,0.00,"BOWSER-BOSTICK, JOCOLYN ",ADAMS,14,0,Governor
3,,2018,ADAMS,LIB,"KRAWCHUK, KENNETH V ",435,0,0,1.11,0.00,0.00,"SMITH, KATHLEEN S",ADAMS,17,0,Governor
0,2,2018,ALLEGHENY,DEM,"WOLF, THOMAS W ",364710,0,0,67.38,0.00,0.00,"FETTERMAN, JOHN K",ALLEGHENY,1,0,Governor
1,4,2018,ALLEGHENY,REP,"WAGNER, SCOTT R ",168893,0,0,31.20,0.00,0.00,"BARTOS, JEFFREY A",ALLEGHENY,5,0,Governor
2,,2018,ALLEGHENY,GRN,"GLOVER, PAUL ",2458,0,0,0.45,0.00,0.00,"BOWSER-BOSTICK, JOCOLYN ",ALLEGHENY,14,0,Governor
3,,2018,ALLEGHENY,LIB,"KRAWCHUK, KENNETH V ",5244,0,0,0.97,0.00,0.00,"SMITH, KATHLEEN S",ALLEGHENY,17,0,Governor
0,2,2018,ARMSTRONG,DEM,"WOLF, THOMAS W ",8839,0,0,35.87,0.00,0.00,"FETTERMAN, JOHN K",ARMSTRONG,1,0,Governor
1,4,2018,ARMSTRONG,REP,"WAGNER, SCOTT R ",15373,0,0,62.38,0.00,0.00,"BARTOS, JEFFREY A",ARMSTRONG,5,0,Governor
2,,2018,ARMSTRONG,GRN,"GLOVER, PAUL ",153,0,0,0.62,0.00,0.00,"BOWSER-BOSTICK, JOCOLYN ",ARMSTRONG,14,0,Governor
3,,2018,ARMSTRONG,LIB,"KRAWCHUK, KENNETH V ",278,0,0,1.13,0.00,0.00,"SMITH, KATHLEEN S",ARMSTRONG,17,0,Governor
0,2,2018,BEAVER,DEM,"WOLF, THOMAS W ",36166,0,0,53.28,0.00,0.00,"FETTERMAN, JOHN K",BEAVER,1,0,Governor
1,4,2018,BEAVER,REP,"WAGNER, SCOTT R ",30593,0,0,45.07,0.00,0.00,"BARTOS, JEFFREY A",BEAVER,5,0,Governor
2,,2018,BEAVER,GRN,"GLOVER, PAUL ",406,0,0,0.60,0.00,0.00,"BOWSER-BOSTICK, JOCOLYN ",BEAVER,14,0,Governor
3,,2018,BEAVER,LIB,"KRAWCHUK, KENNETH V ",711,0,0,1.05,0.00,0.00,"SMITH, KATHLEEN S",BEAVER,17,0,Governor
0,2,2018,BEDFORD,DEM,"WOLF, THOMAS W ",4408,0,0,23.37,0.00,0.00,"FETTERMAN, JOHN K",BEDFORD,1,0,Governor
1,4,2018,BEDFORD,REP,"WAGNER, SCOTT R ",14261,0,0,75.60,0.00,0.00,"BARTOS, JEFFREY A",BEDFORD,5,0,Governor
2,,2018,BEDFORD,GRN,"GLOVER, PAUL ",84,0,0,0.45,0.00,0.00,"BOWSER-BOSTICK, JOCOLYN ",BEDFORD,14,0,Governor
3,,2018,BEDFORD,LIB,"KRAWCHUK, KENNETH V ",110,0,0,0.58,0.00,0.00,"SMITH, KATHLEEN S",BEDFORD,17,0,Governor
0,2,2018,BERKS,DEM,"WOLF, THOMAS W ",76136,0,0,52.72,0.00,0.00,"FETTERMAN, JOHN K",BERKS,1,0,Governor
1,4,2018,BERKS,REP,"WAGNER, SCOTT R ",65756,0,0,45.53,0.00,0.00,"BARTOS, JEFFREY A",BERKS,5,0,Governor
2,,2018,BERKS,GRN,"GLOVER, PAUL ",915,0,0,0.63,0.00,0.00,"BOWSER-BOSTICK, JOCOLYN ",BERKS,14,0,Governor
3,,2018,BERKS,LIB,"KRAWCHUK, KENNETH V ",1619,0,0,1.12,0.00,0.00,"SMITH, KATHLEEN S",BERKS,17,0,Governor
0,2,2018,BLAIR,DEM,"WOLF, THOMAS W ",14622,0,0,33.60,0.00,0.00,"FETTERMAN, JOHN K",BLAIR,1,0,Governor
1,4,2018,BLAIR,REP,"WAGNER, SCOTT R ",28175,0,0,64.74,0.00,0.00,"BARTOS, JEFFREY A",BLAIR,5,0,Governor
2,,2018,BLAIR,GRN,"GLOVER, PAUL ",217,0,0,0.50,0.00,0.00,"BOWSER-BOSTICK, JOCOLYN ",BLAIR,14,0,Governor
3,,2018,BLAIR,LIB,"KRAWCHUK, KENNETH V ",508,0,0,1.17,0.00,0.00,"SMITH, KATHLEEN S",BLAIR,17,0,Governor
0,2,2018,BRADFORD,DEM,"WOLF, THOMAS W ",6852,0,0,33.56,0.00,0.00,"FETTERMAN, JOHN K",BRADFORD,1,0,Governor
1,4,2018,BRADFORD,REP,"WAGNER, SCOTT R ",13068,0,0,64.00,0.00,0.00,"BARTOS, JEFFREY A",BRADFORD,5,0,Governor
2,,2018,BRADFORD,GRN,"GLOVER, PAUL ",181,0,0,0.89,0.00,0.00,"BOWSER-BOSTICK, JOCOLYN ",BRADFORD,14,0,Governor
3,,2018,BRADFORD,LIB,"KRAWCHUK, KENNETH V ",319,0,0,1.56,0.00,0.00,"SMITH, KATHLEEN S",BRADFORD,17,0,Governor
0,2,2018,BUCKS,DEM,"WOLF, THOMAS W ",172302,0,0,58.54,0.00,0.00,"FETTERMAN, JOHN K",BUCKS,1,0,Governor
1,4,2018,BUCKS,REP,"WAGNER, SCOTT R ",117912,0,0,40.06,0.00,0.00,"BARTOS, JEFFREY A",BUCKS,5,0,Governor
2,,2018,BUCKS,GRN,"GLOVER, PAUL ",1513,0,0,0.51,0.00,0.00,"BOWSER-BOSTICK, JOCOLYN ",BUCKS,14,0,Governor
3,,2018,BUCKS,LIB,"KRAWCHUK, KENNETH V ",2602,0,0,0.88,0.00,0.00,"SMITH, KATHLEEN S",BUCKS,17,0,Governor
0,2,2018,BUTLER,DEM,"WOLF, THOMAS W ",32891,0,0,41.26,0.00,0.00,"FETTERMAN, JOHN K",BUTLER,1,0,Governor
1,4,2018,BUTLER,REP,"WAGNER, SCOTT R ",45242,0,0,56.76,0.00,0.00,"BARTOS, JEFFREY A",BUTLER,5,0,Governor
2,,2018,BUTLER,GRN,"GLOVER, PAUL ",490,0,0,0.61,0.00,0.00,"BOWSER-BOSTICK, JOCOLYN ",BUTLER,14,0,Governor
3,,2018,BUTLER,LIB,"KRAWCHUK, KENNETH V ",1088,0,0,1.36,0.00,0.00,"SMITH, KATHLEEN S",BUTLER,17,0,Governor
0,2,2018,CAMBRIA,DEM,"WOLF, THOMAS W ",21639,0,0,43.37,0.00,0.00,"FETTERMAN, JOHN K",CAMBRIA,1,0,Governor
1,4,2018,CAMBRIA,REP,"WAGNER, SCOTT R ",27530,0,0,55.18,0.00,0.00,"BARTOS, JEFFREY A",CAMBRIA,5,0,Governor
2,,2018,CAMBRIA,GRN,"GLOVER, PAUL ",312,0,0,0.63,0.00,0.00,"BOWSER-BOSTICK, JOCOLYN ",CAMBRIA,14,0,Governor
3,,2018,CAMBRIA,LIB,"KRAWCHUK, KENNETH V ",413,0,0,0.83,0.00,0.00,"SMITH, KATHLEEN S",CAMBRIA,17,0,Governor
0,2,2018,CAMERON,DEM,"WOLF, THOMAS W ",619,0,0,34.91,0.00,0.00,"FETTERMAN, JOHN K",CAMERON,1,0,Governor
1,4,2018,CAMERON,REP,"WAGNER, SCOTT R ",1127,0,0,63.56,0.00,0.00,"BARTOS, JEFFREY A",CAMERON,5,0,Governor
2,,2018,CAMERON,GRN,"GLOVER, PAUL ",10,0,0,0.56,0.00,0.00,"BOWSER-BOSTICK, JOCOLYN ",CAMERON,14,0,Governor
3,,2018,CAMERON,LIB,"KRAWCHUK, KENNETH V ",17,0,0,0.96,0.00,0.00,"SMITH, KATHLEEN S",CAMERON,17,0,Governor
0,2,2018,CARBON,DEM,"WOLF, THOMAS W ",9659,0,0,42.85,0.00,0.00,"FETTERMAN, JOHN K",CARBON,1,0,Governor
1,4,2018,CARBON,REP,"WAGNER, SCOTT R ",12476,0,0,55.35,0.00,0.00,"BARTOS, JEFFREY A",CARBON,5,0,Governor
2,,2018,CARBON,GRN,"GLOVER, PAUL ",140,0,0,0.62,0.00,0.00,"BOWSER-BOSTICK, JOCOLYN ",CARBON,14,0,Governor
3,,2018,CARBON,LIB,"KRAWCHUK, KENNETH V ",267,0,0,1.18,0.00,0.00,"SMITH, KATHLEEN S",CARBON,17,0,Governor
0,2,2018,CENTRE,DEM,"WOLF, THOMAS W ",34961,0,0,57.62,0.00,0.00,"FETTERMAN, JOHN K",CENTRE,1,0,Governor
1,4,2018,CENTRE,REP,"WAGNER, SCOTT R ",24353,0,0,40.13,0.00,0.00,"BARTOS, JEFFREY A",CENTRE,5,0,Governor
2,,2018,CENTRE,GRN,"GLOVER, PAUL ",515,0,0,0.85,0.00,0.00,"BOWSER-BOSTICK, JOCOLYN ",CENTRE,14,0,Governor
3,,2018,CENTRE,LIB,"KRAWCHUK, KENNETH V ",849,0,0,1.40,0.00,0.00,"SMITH, KATHLEEN S",CENTRE,17,0,Governor
0,2,2018,CHESTER,DEM,"WOLF, THOMAS W ",145212,0,0,61.33,0.00,0.00,"FETTERMAN, JOHN K",CHESTER,1,0,Governor
1,4,2018,CHESTER,REP,"WAGNER, SCOTT R ",87873,0,0,37.11,0.00,0.00,"BARTOS, JEFFREY A",CHESTER,5,0,Governor
2,,2018,CHESTER,GRN,"GLOVER, PAUL ",1242,0,0,0.52,0.00,0.00,"BOWSER-BOSTICK, JOCOLYN ",CHESTER,14,0,Governor
3,,2018,CHESTER,LIB,"KRAWCHUK, KENNETH V ",2448,0,0,1.03,0.00,0.00,"SMITH, KATHLEEN S",CHESTER,17,0,Governor
0,2,2018,CLARION,DEM,"WOLF, THOMAS W ",5191,0,0,36.83,0.00,0.00,"FETTERMAN, JOHN K",CLARION,1,0,Governor
1,4,2018,CLARION,REP,"WAGNER, SCOTT R ",8594,0,0,60.98,0.00,0.00,"BARTOS, JEFFREY A",CLARION,5,0,Governor
2,,2018,CLARION,GRN,"GLOVER, PAUL ",114,0,0,0.81,0.00,0.00,"BOWSER-BOSTICK, JOCOLYN ",CLARION,14,0,Governor
3,,2018,CLARION,LIB,"KRAWCHUK, KENNETH V ",195,0,0,1.38,0.00,0.00,"SMITH, KATHLEEN S",CLARION,17,0,Governor
0,2,2018,CLEARFIELD,DEM,"WOLF, THOMAS W ",9235,0,0,34.34,0.00,0.00,"FETTERMAN, JOHN K",CLEARFIELD,1,0,Governor
1,4,2018,CLEARFIELD,REP,"WAGNER, SCOTT R ",17241,0,0,64.11,0.00,0.00,"BARTOS, JEFFREY A",CLEARFIELD,5,0,Governor
2,,2018,CLEARFIELD,GRN,"GLOVER, PAUL ",165,0,0,0.61,0.00,0.00,"BOWSER-BOSTICK, JOCOLYN ",CLEARFIELD,14,0,Governor
3,,2018,CLEARFIELD,LIB,"KRAWCHUK, KENNETH V ",251,0,0,0.93,0.00,0.00,"SMITH, KATHLEEN S",CLEARFIELD,17,0,Governor
0,2,2018,CLINTON,DEM,"WOLF, THOMAS W ",5517,0,0,44.22,0.00,0.00,"FETTERMAN, JOHN K",CLINTON,1,0,Governor
1,4,2018,CLINTON,REP,"WAGNER, SCOTT R ",6727,0,0,53.92,0.00,0.00,"BARTOS, JEFFREY A",CLINTON,5,0,Governor
2,,2018,CLINTON,GRN,"GLOVER, PAUL ",67,0,0,0.54,0.00,0.00,"BOWSER-BOSTICK, JOCOLYN ",CLINTON,14,0,Governor
3,,2018,CLINTON,LIB,"KRAWCHUK, KENNETH V ",165,0,0,1.32,0.00,0.00,"SMITH, KATHLEEN S",CLINTON,17,0,Governor
0,2,2018,COLUMBIA,DEM,"WOLF, THOMAS W ",9822,0,0,43.39,0.00,0.00,"FETTERMAN, JOHN K",COLUMBIA,1,0,Governor
1,4,2018,COLUMBIA,REP,"WAGNER, SCOTT R ",12424,0,0,54.88,0.00,0.00,"BARTOS, JEFFREY A",COLUMBIA,5,0,Governor
2,,2018,COLUMBIA,GRN,"GLOVER, PAUL ",148,0,0,0.65,0.00,0.00,"BOWSER-BOSTICK, JOCOLYN ",COLUMBIA,14,0,Governor
3,,2018,COLUMBIA,LIB,"KRAWCHUK, KENNETH V ",244,0,0,1.08,0.00,0.00,"SMITH, KATHLEEN S",COLUMBIA,17,0,Governor
0,2,2018,CRAWFORD,DEM,"WOLF, THOMAS W ",12137,0,0,39.74,0.00,0.00,"FETTERMAN, JOHN K",CRAWFORD,1,0,Governor
1,4,2018,CRAWFORD,REP,"WAGNER, SCOTT R ",17859,0,0,58.47,0.00,0.00,"BARTOS, JEFFREY A",CRAWFORD,5,0,Governor
2,,2018,CRAWFORD,GRN,"GLOVER, PAUL ",206,0,0,0.67,0.00,0.00,"BOWSER-BOSTICK, JOCOLYN ",CRAWFORD,14,0,Governor
3,,2018,CRAWFORD,LIB,"KRAWCHUK, KENNETH V ",342,0,0,1.12,0.00,0.00,"SMITH, KATHLEEN S",CRAWFORD,17,0,Governor
0,2,2018,CUMBERLAND,DEM,"WOLF, THOMAS W ",52807,0,0,50.54,0.00,0.00,"FETTERMAN, JOHN K",CUMBERLAND,1,0,Governor
1,4,2018,CUMBERLAND,REP,"WAGNER, SCOTT R ",49496,0,0,47.37,0.00,0.00,"BARTOS, JEFFREY A",CUMBERLAND,5,0,Governor
2,,2018,CUMBERLAND,GRN,"GLOVER, PAUL ",671,0,0,0.64,0.00,0.00,"BOWSER-BOSTICK, JOCOLYN ",CUMBERLAND,14,0,Governor
3,,2018,CUMBERLAND,LIB,"KRAWCHUK, KENNETH V ",1504,0,0,1.44,0.00,0.00,"SMITH, KATHLEEN S",CUMBERLAND,17,0,Governor
0,2,2018,DAUPHIN,DEM,"WOLF, THOMAS W ",64045,0,0,59.00,0.00,0.00,"FETTERMAN, JOHN K",DAUPHIN,1,0,Governor
1,4,2018,DAUPHIN,REP,"WAGNER, SCOTT R ",42436,0,0,39.09,0.00,0.00,"BARTOS, JEFFREY A",DAUPHIN,5,0,Governor
2,,2018,DAUPHIN,GRN,"GLOVER, PAUL ",706,0,0,0.65,0.00,0.00,"BOWSER-BOSTICK, JOCOLYN ",DAUPHIN,14,0,Governor
3,,2018,DAUPHIN,LIB,"KRAWCHUK, KENNETH V ",1362,0,0,1.25,0.00,0.00,"SMITH, KATHLEEN S",DAUPHIN,17,0,Governor
0,2,2018,DELAWARE,DEM,"WOLF, THOMAS W ",167211,0,0,66.71,0.00,0.00,"FETTERMAN, JOHN K",DELAWARE,1,0,Governor
1,4,2018,DELAWARE,REP,"WAGNER, SCOTT R ",80576,0,0,32.15,0.00,0.00,"BARTOS, JEFFREY A",DELAWARE,5,0,Governor
2,,2018,DELAWARE,GRN,"GLOVER, PAUL ",1076,0,0,0.43,0.00,0.00,"BOWSER-BOSTICK, JOCOLYN ",DELAWARE,14,0,Governor
3,,2018,DELAWARE,LIB,"KRAWCHUK, KENNETH V ",1780,0,0,0.71,0.00,0.00,"SMITH, KATHLEEN S",DELAWARE,17,0,Governor
0,2,2018,ELK,DEM,"WOLF, THOMAS W ",4206,0,0,37.22,0.00,0.00,"FETTERMAN, JOHN K",ELK,1,0,Governor
1,4,2018,ELK,REP,"WAGNER, SCOTT R ",6918,0,0,61.22,0.00,0.00,"BARTOS, JEFFREY A",ELK,5,0,Governor
2,,2018,ELK,GRN,"GLOVER, PAUL ",76,0,0,0.67,0.00,0.00,"BOWSER-BOSTICK, JOCOLYN ",ELK,14,0,Governor
3,,2018,ELK,LIB,"KRAWCHUK, KENNETH V ",101,0,0,0.89,0.00,0.00,"SMITH, KATHLEEN S",ELK,17,0,Governor
0,2,2018,ERIE,DEM,"WOLF, THOMAS W ",60790,0,0,59.77,0.00,0.00,"FETTERMAN, JOHN K",ERIE,1,0,Governor
1,4,2018,ERIE,REP,"WAGNER, SCOTT R ",39387,0,0,38.72,0.00,0.00,"BARTOS, JEFFREY A",ERIE,5,0,Governor
2,,2018,ERIE,GRN,"GLOVER, PAUL ",605,0,0,0.59,0.00,0.00,"BOWSER-BOSTICK, JOCOLYN ",ERIE,14,0,Governor
3,,2018,ERIE,LIB,"KRAWCHUK, KENNETH V ",929,0,0,0.91,0.00,0.00,"SMITH, KATHLEEN S",ERIE,17,0,Governor
0,2,2018,FAYETTE,DEM,"WOLF, THOMAS W ",19791,0,0,48.38,0.00,0.00,"FETTERMAN, JOHN K",FAYETTE,1,0,Governor
1,4,2018,FAYETTE,REP,"WAGNER, SCOTT R ",20471,0,0,50.04,0.00,0.00,"BARTOS, JEFFREY A",FAYETTE,5,0,Governor
2,,2018,FAYETTE,GRN,"GLOVER, PAUL ",263,0,0,0.64,0.00,0.00,"BOWSER-BOSTICK, JOCOLYN ",FAYETTE,14,0,Governor
3,,2018,FAYETTE,LIB,"KRAWCHUK, KENNETH V ",384,0,0,0.94,0.00,0.00,"SMITH, KATHLEEN S",FAYETTE,17,0,Governor
0,2,2018,FOREST,DEM,"WOLF, THOMAS W ",746,0,0,38.49,0.00,0.00,"FETTERMAN, JOHN K",FOREST,1,0,Governor
1,4,2018,FOREST,REP,"WAGNER, SCOTT R ",1159,0,0,59.80,0.00,0.00,"BARTOS, JEFFREY A",FOREST,5,0,Governor
2,,2018,FOREST,GRN,"GLOVER, PAUL ",14,0,0,0.72,0.00,0.00,"BOWSER-BOSTICK, JOCOLYN ",FOREST,14,0,Governor
3,,2018,FOREST,LIB,"KRAWCHUK, KENNETH V ",19,0,0,0.98,0.00,0.00,"SMITH, KATHLEEN S",FOREST,17,0,Governor
0,2,2018,FRANKLIN,DEM,"WOLF, THOMAS W ",18447,0,0,33.59,0.00,0.00,"FETTERMAN, JOHN K",FRANKLIN,1,0,Governor
1,4,2018,FRANKLIN,REP,"WAGNER, SCOTT R ",35634,0,0,64.88,0.00,0.00,"BARTOS, JEFFREY A",FRANKLIN,5,0,Governor
2,,2018,FRANKLIN,GRN,"GLOVER, PAUL ",316,0,0,0.58,0.00,0.00,"BOWSER-BOSTICK, JOCOLYN ",FRANKLIN,14,0,Governor
3,,2018,FRANKLIN,LIB,"KRAWCHUK, KENNETH V ",525,0,0,0.96,0.00,0.00,"SMITH, KATHLEEN S",FRANKLIN,17,0,Governor
0,2,2018,FULTON,DEM,"WOLF, THOMAS W ",1037,0,0,19.58,0.00,0.00,"FETTERMAN, JOHN K",FULTON,1,0,Governor
1,4,2018,FULTON,REP,"WAGNER, SCOTT R ",4202,0,0,79.34,0.00,0.00,"BARTOS, JEFFREY A",FULTON,5,0,Governor
2,,2018,FULTON,GRN,"GLOVER, PAUL ",18,0,0,0.34,0.00,0.00,"BOWSER-BOSTICK, JOCOLYN ",FULTON,14,0,Governor
3,,2018,FULTON,LIB,"KRAWCHUK, KENNETH V ",39,0,0,0.74,0.00,0.00,"SMITH, KATHLEEN S",FULTON,17,0,Governor
0,2,2018,GREENE,DEM,"WOLF, THOMAS W ",5844,0,0,46.95,0.00,0.00,"FETTERMAN, JOHN K",GREENE,1,0,Governor
1,4,2018,GREENE,REP,"WAGNER, SCOTT R ",6381,0,0,51.26,0.00,0.00,"BARTOS, JEFFREY A",GREENE,5,0,Governor
2,,2018,GREENE,GRN,"GLOVER, PAUL ",108,0,0,0.87,0.00,0.00,"BOWSER-BOSTICK, JOCOLYN ",GREENE,14,0,Governor
3,,2018,GREENE,LIB,"KRAWCHUK, KENNETH V ",115,0,0,0.92,0.00,0.00,"SMITH, KATHLEEN S",GREENE,17,0,Governor
0,2,2018,HUNTINGDON,DEM,"WOLF, THOMAS W ",5037,0,0,31.68,0.00,0.00,"FETTERMAN, JOHN K",HUNTINGDON,1,0,Governor
1,4,2018,HUNTINGDON,REP,"WAGNER, SCOTT R ",10586,0,0,66.57,0.00,0.00,"BARTOS, JEFFREY A",HUNTINGDON,5,0,Governor
2,,2018,HUNTINGDON,GRN,"GLOVER, PAUL ",101,0,0,0.64,0.00,0.00,"BOWSER-BOSTICK, JOCOLYN ",HUNTINGDON,14,0,Governor
3,,2018,HUNTINGDON,LIB,"KRAWCHUK, KENNETH V ",177,0,0,1.11,0.00,0.00,"SMITH, KATHLEEN S",HUNTINGDON,17,0,Governor
0,2,2018,INDIANA,DEM,"WOLF, THOMAS W ",12715,0,0,43.25,0.00,0.00,"FETTERMAN, JOHN K",INDIANA,1,0,Governor
1,4,2018,INDIANA,REP,"WAGNER, SCOTT R ",16179,0,0,55.04,0.00,0.00,"BARTOS, JEFFREY A",INDIANA,5,0,Governor
2,,2018,INDIANA,GRN,"GLOVER, PAUL ",213,0,0,0.72,0.00,0.00,"BOWSER-BOSTICK, JOCOLYN ",INDIANA,14,0,Governor
3,,2018,INDIANA,LIB,"KRAWCHUK, KENNETH V ",289,0,0,0.98,0.00,0.00,"SMITH, KATHLEEN S",INDIANA,17,0,Governor
0,2,2018,JEFFERSON,DEM,"WOLF, THOMAS W ",4277,0,0,27.46,0.00,0.00,"FETTERMAN, JOHN K",JEFFERSON,1,0,Governor
1,4,2018,JEFFERSON,REP,"WAGNER, SCOTT R ",11036,0,0,70.86,0.00,0.00,"BARTOS, JEFFREY A",JEFFERSON,5,0,Governor
2,,2018,JEFFERSON,GRN,"GLOVER, PAUL ",88,0,0,0.57,0.00,0.00,"BOWSER-BOSTICK, JOCOLYN ",JEFFERSON,14,0,Governor
3,,2018,JEFFERSON,LIB,"KRAWCHUK, KENNETH V ",173,0,0,1.11,0.00,0.00,"SMITH, KATHLEEN S",JEFFERSON,17,0,Governor
0,2,2018,JUNIATA,DEM,"WOLF, THOMAS W ",2550,0,0,30.02,0.00,0.00,"FETTERMAN, JOHN K",JUNIATA,1,0,Governor
1,4,2018,JUNIATA,REP,"WAGNER, SCOTT R ",5780,0,0,68.06,0.00,0.00,"BARTOS, JEFFREY A",JUNIATA,5,0,Governor
2,,2018,JUNIATA,GRN,"GLOVER, PAUL ",62,0,0,0.73,0.00,0.00,"BOWSER-BOSTICK, JOCOLYN ",JUNIATA,14,0,Governor
3,,2018,JUNIATA,LIB,"KRAWCHUK, KENNETH V ",101,0,0,1.19,0.00,0.00,"SMITH, KATHLEEN S",JUNIATA,17,0,Governor
0,2,2018,LACKAWANNA,DEM,"WOLF, THOMAS W ",54237,0,0,64.63,0.00,0.00,"FETTERMAN, JOHN K",LACKAWANNA,1,0,Governor
1,4,2018,LACKAWANNA,REP,"WAGNER, SCOTT R ",28616,0,0,34.10,0.00,0.00,"BARTOS, JEFFREY A",LACKAWANNA,5,0,Governor
2,,2018,LACKAWANNA,GRN,"GLOVER, PAUL ",436,0,0,0.52,0.00,0.00,"BOWSER-BOSTICK, JOCOLYN ",LACKAWANNA,14,0,Governor
3,,2018,LACKAWANNA,LIB,"KRAWCHUK, KENNETH V ",624,0,0,0.74,0.00,0.00,"SMITH, KATHLEEN S",LACKAWANNA,17,0,Governor
0,2,2018,LANCASTER,DEM,"WOLF, THOMAS W ",96040,0,0,47.49,0.00,0.00,"FETTERMAN, JOHN K",LANCASTER,1,0,Governor
1,4,2018,LANCASTER,REP,"WAGNER, SCOTT R ",102229,0,0,50.55,0.00,0.00,"BARTOS, JEFFREY A",LANCASTER,5,0,Governor
2,,2018,LANCASTER,GRN,"GLOVER, PAUL ",1118,0,0,0.55,0.00,0.00,"BOWSER-BOSTICK, JOCOLYN ",LANCASTER,14,0,Governor
3,,2018,LANCASTER,LIB,"KRAWCHUK, KENNETH V ",2837,0,0,1.40,0.00,0.00,"SMITH, KATHLEEN S",LANCASTER,17,0,Governor
0,2,2018,LAWRENCE,DEM,"WOLF, THOMAS W ",15035,0,0,46.63,0.00,0.00,"FETTERMAN, JOHN K",LAWRENCE,1,0,Governor
1,4,2018,LAWRENCE,REP,"WAGNER, SCOTT R ",16714,0,0,51.84,0.00,0.00,"BARTOS, JEFFREY A",LAWRENCE,5,0,Governor
2,,2018,LAWRENCE,GRN,"GLOVER, PAUL ",201,0,0,0.62,0.00,0.00,"BOWSER-BOSTICK, JOCOLYN ",LAWRENCE,14,0,Governor
3,,2018,LAWRENCE,LIB,"KRAWCHUK, KENNETH V ",291,0,0,0.90,0.00,0.00,"SMITH, KATHLEEN S",LAWRENCE,17,0,Governor
0,2,2018,LEBANON,DEM,"WOLF, THOMAS W ",20159,0,0,41.05,0.00,0.00,"FETTERMAN, JOHN K",LEBANON,1,0,Governor
1,4,2018,LEBANON,REP,"WAGNER, SCOTT R ",28096,0,0,57.21,0.00,0.00,"BARTOS, JEFFREY A",LEBANON,5,0,Governor
2,,2018,LEBANON,GRN,"GLOVER, PAUL ",255,0,0,0.52,0.00,0.00,"BOWSER-BOSTICK, JOCOLYN ",LEBANON,14,0,Governor
3,,2018,LEBANON,LIB,"KRAWCHUK, KENNETH V ",598,0,0,1.22,0.00,0.00,"SMITH, KATHLEEN S",LEBANON,17,0,Governor
0,2,2018,LEHIGH,DEM,"WOLF, THOMAS W ",77248,0,0,60.07,0.00,0.00,"FETTERMAN, JOHN K",LEHIGH,1,0,Governor
1,4,2018,LEHIGH,REP,"WAGNER, SCOTT R ",49071,0,0,38.16,0.00,0.00,"BARTOS, JEFFREY A",LEHIGH,5,0,Governor
2,,2018,LEHIGH,GRN,"GLOVER, PAUL ",802,0,0,0.62,0.00,0.00,"BOWSER-BOSTICK, JOCOLYN ",LEHIGH,14,0,Governor
3,,2018,LEHIGH,LIB,"KRAWCHUK, KENNETH V ",1485,0,0,1.15,0.00,0.00,"SMITH, KATHLEEN S",LEHIGH,17,0,Governor
0,2,2018,LUZERNE,DEM,"WOLF, THOMAS W ",55734,0,0,51.69,0.00,0.00,"FETTERMAN, JOHN K",LUZERNE,1,0,Governor
1,4,2018,LUZERNE,REP,"WAGNER, SCOTT R ",50701,0,0,47.02,0.00,0.00,"BARTOS, JEFFREY A",LUZERNE,5,0,Governor
2,,2018,LUZERNE,GRN,"GLOVER, PAUL ",562,0,0,0.52,0.00,0.00,"BOWSER-BOSTICK, JOCOLYN ",LUZERNE,14,0,Governor
3,,2018,LUZERNE,LIB,"KRAWCHUK, KENNETH V ",826,0,0,0.77,0.00,0.00,"SMITH, KATHLEEN S",LUZERNE,17,0,Governor
0,2,2018,LYCOMING,DEM,"WOLF, THOMAS W ",14727,0,0,35.90,0.00,0.00,"FETTERMAN, JOHN K",LYCOMING,1,0,Governor
1,4,2018,LYCOMING,REP,"WAGNER, SCOTT R ",25570,0,0,62.33,0.00,0.00,"BARTOS, JEFFREY A",LYCOMING,5,0,Governor
2,,2018,LYCOMING,GRN,"GLOVER, PAUL ",275,0,0,0.67,0.00,0.00,"BOWSER-BOSTICK, JOCOLYN ",LYCOMING,14,0,Governor
3,,2018,LYCOMING,LIB,"KRAWCHUK, KENNETH V ",453,0,0,1.10,0.00,0.00,"SMITH, KATHLEEN S",LYCOMING,17,0,Governor
0,2,2018,McKEAN,DEM,"WOLF, THOMAS W ",3899,0,0,30.96,0.00,0.00,"FETTERMAN, JOHN K",McKEAN,1,0,Governor
1,4,2018,McKEAN,REP,"WAGNER, SCOTT R ",8512,0,0,67.59,0.00,0.00,"BARTOS, JEFFREY A",McKEAN,5,0,Governor
2,,2018,McKEAN,GRN,"GLOVER, PAUL ",78,0,0,0.62,0.00,0.00,"BOWSER-BOSTICK, JOCOLYN ",McKEAN,14,0,Governor
3,,2018,McKEAN,LIB,"KRAWCHUK, KENNETH V ",104,0,0,0.83,0.00,0.00,"SMITH, KATHLEEN S",McKEAN,17,0,Governor
0,2,2018,MERCER,DEM,"WOLF, THOMAS W ",18200,0,0,44.28,0.00,0.00,"FETTERMAN, JOHN K",MERCER,1,0,Governor
1,4,2018,MERCER,REP,"WAGNER, SCOTT R ",22211,0,0,54.04,0.00,0.00,"BARTOS, JEFFREY A",MERCER,5,0,Governor
2,,2018,MERCER,GRN,"GLOVER, PAUL ",276,0,0,0.67,0.00,0.00,"BOWSER-BOSTICK, JOCOLYN ",MERCER,14,0,Governor
3,,2018,MERCER,LIB,"KRAWCHUK, KENNETH V ",413,0,0,1.00,0.00,0.00,"SMITH, KATHLEEN S",MERCER,17,0,Governor
0,2,2018,MIFFLIN,DEM,"WOLF, THOMAS W ",4127,0,0,30.03,0.00,0.00,"FETTERMAN, JOHN K",MIFFLIN,1,0,Governor
1,4,2018,MIFFLIN,REP,"WAGNER, SCOTT R ",9408,0,0,68.45,0.00,0.00,"BARTOS, JEFFREY A",MIFFLIN,5,0,Governor
2,,2018,MIFFLIN,GRN,"GLOVER, PAUL ",80,0,0,0.58,0.00,0.00,"BOWSER-BOSTICK, JOCOLYN ",MIFFLIN,14,0,Governor
3,,2018,MIFFLIN,LIB,"KRAWCHUK, KENNETH V ",130,0,0,0.95,0.00,0.00,"SMITH, KATHLEEN S",MIFFLIN,17,0,Governor
0,2,2018,MONROE,DEM,"WOLF, THOMAS W ",32064,0,0,57.84,0.00,0.00,"FETTERMAN, JOHN K",MONROE,1,0,Governor
1,4,2018,MONROE,REP,"WAGNER, SCOTT R ",22530,0,0,40.64,0.00,0.00,"BARTOS, JEFFREY A",MONROE,5,0,Governor
2,,2018,MONROE,GRN,"GLOVER, PAUL ",362,0,0,0.65,0.00,0.00,"BOWSER-BOSTICK, JOCOLYN ",MONROE,14,0,Governor
3,,2018,MONROE,LIB,"KRAWCHUK, KENNETH V ",481,0,0,0.87,0.00,0.00,"SMITH, KATHLEEN S",MONROE,17,0,Governor
0,2,2018,MONTGOMERY,DEM,"WOLF, THOMAS W ",256252,0,0,67.18,0.00,0.00,"FETTERMAN, JOHN K",MONTGOMERY,1,0,Governor
1,4,2018,MONTGOMERY,REP,"WAGNER, SCOTT R ",120206,0,0,31.51,0.00,0.00,"BARTOS, JEFFREY A",MONTGOMERY,5,0,Governor
2,,2018,MONTGOMERY,GRN,"GLOVER, PAUL ",1728,0,0,0.45,0.00,0.00,"BOWSER-BOSTICK, JOCOLYN ",MONTGOMERY,14,0,Governor
3,,2018,MONTGOMERY,LIB,"KRAWCHUK, KENNETH V ",3260,0,0,0.85,0.00,0.00,"SMITH, KATHLEEN S",MONTGOMERY,17,0,Governor
0,2,2018,MONTOUR,DEM,"WOLF, THOMAS W ",3228,0,0,46.02,0.00,0.00,"FETTERMAN, JOHN K",MONTOUR,1,0,Governor
1,4,2018,MONTOUR,REP,"WAGNER, SCOTT R ",3642,0,0,51.92,0.00,0.00,"BARTOS, JEFFREY A",MONTOUR,5,0,Governor
2,,2018,MONTOUR,GRN,"GLOVER, PAUL ",48,0,0,0.68,0.00,0.00,"BOWSER-BOSTICK, JOCOLYN ",MONTOUR,14,0,Governor
3,,2018,MONTOUR,LIB,"KRAWCHUK, KENNETH V ",97,0,0,1.38,0.00,0.00,"SMITH, KATHLEEN S",MONTOUR,17,0,Governor
0,2,2018,NORTHAMPTON,DEM,"WOLF, THOMAS W ",65749,0,0,57.11,0.00,0.00,"FETTERMAN, JOHN K",NORTHAMPTON,1,0,Governor
1,4,2018,NORTHAMPTON,REP,"WAGNER, SCOTT R ",47527,0,0,41.28,0.00,0.00,"BARTOS, JEFFREY A",NORTHAMPTON,5,0,Governor
2,,2018,NORTHAMPTON,GRN,"GLOVER, PAUL ",635,0,0,0.55,0.00,0.00,"BOWSER-BOSTICK, JOCOLYN ",NORTHAMPTON,14,0,Governor
3,,2018,NORTHAMPTON,LIB,"KRAWCHUK, KENNETH V ",1211,0,0,1.05,0.00,0.00,"SMITH, KATHLEEN S",NORTHAMPTON,17,0,Governor
0,2,2018,NORTHUMBERLAND,DEM,"WOLF, THOMAS W ",12135,0,0,42.10,0.00,0.00,"FETTERMAN, JOHN K",NORTHUMBERLAND,1,0,Governor
1,4,2018,NORTHUMBERLAND,REP,"WAGNER, SCOTT R ",16122,0,0,55.94,0.00,0.00,"BARTOS, JEFFREY A",NORTHUMBERLAND,5,0,Governor
2,,2018,NORTHUMBERLAND,GRN,"GLOVER, PAUL ",204,0,0,0.71,0.00,0.00,"BOWSER-BOSTICK, JOCOLYN ",NORTHUMBERLAND,14,0,Governor
3,,2018,NORTHUMBERLAND,LIB,"KRAWCHUK, KENNETH V ",360,0,0,1.25,0.00,0.00,"SMITH, KATHLEEN S",NORTHUMBERLAND,17,0,Governor
0,2,2018,PERRY,DEM,"WOLF, THOMAS W ",5905,0,0,34.34,0.00,0.00,"FETTERMAN, JOHN K",PERRY,1,0,Governor
1,4,2018,PERRY,REP,"WAGNER, SCOTT R ",10915,0,0,63.47,0.00,0.00,"BARTOS, JEFFREY A",PERRY,5,0,Governor
2,,2018,PERRY,GRN,"GLOVER, PAUL ",114,0,0,0.66,0.00,0.00,"BOWSER-BOSTICK, JOCOLYN ",PERRY,14,0,Governor
3,,2018,PERRY,LIB,"KRAWCHUK, KENNETH V ",262,0,0,1.52,0.00,0.00,"SMITH, KATHLEEN S",PERRY,17,0,Governor
0,2,2018,PHILADELPHIA,DEM,"WOLF, THOMAS W ",484124,0,0,87.36,0.00,0.00,"FETTERMAN, JOHN K",PHILADELPHIA,1,0,Governor
1,4,2018,PHILADELPHIA,REP,"WAGNER, SCOTT R ",64514,0,0,11.64,0.00,0.00,"BARTOS, JEFFREY A",PHILADELPHIA,5,0,Governor
2,,2018,PHILADELPHIA,GRN,"GLOVER, PAUL ",2944,0,0,0.53,0.00,0.00,"BOWSER-BOSTICK, JOCOLYN ",PHILADELPHIA,14,0,Governor
3,,2018,PHILADELPHIA,LIB,"KRAWCHUK, KENNETH V ",2593,0,0,0.47,0.00,0.00,"SMITH, KATHLEEN S",PHILADELPHIA,17,0,Governor
0,2,2018,PIKE,DEM,"WOLF, THOMAS W ",9074,0,0,43.63,0.00,0.00,"FETTERMAN, JOHN K",PIKE,1,0,Governor
1,4,2018,PIKE,REP,"WAGNER, SCOTT R ",11408,0,0,54.85,0.00,0.00,"BARTOS, JEFFREY A",PIKE,5,0,Governor
2,,2018,PIKE,GRN,"GLOVER, PAUL ",134,0,0,0.64,0.00,0.00,"BOWSER-BOSTICK, JOCOLYN ",PIKE,14,0,Governor
3,,2018,PIKE,LIB,"KRAWCHUK, KENNETH V ",184,0,0,0.88,0.00,0.00,"SMITH, KATHLEEN S",PIKE,17,0,Governor
0,2,2018,POTTER,DEM,"WOLF, THOMAS W ",1452,0,0,23.24,0.00,0.00,"FETTERMAN, JOHN K",POTTER,1,0,Governor
1,4,2018,POTTER,REP,"WAGNER, SCOTT R ",4687,0,0,75.02,0.00,0.00,"BARTOS, JEFFREY A",POTTER,5,0,Governor
2,,2018,POTTER,GRN,"GLOVER, PAUL ",42,0,0,0.67,0.00,0.00,"BOWSER-BOSTICK, JOCOLYN ",POTTER,14,0,Governor
3,,2018,POTTER,LIB,"KRAWCHUK, KENNETH V ",67,0,0,1.07,0.00,0.00,"SMITH, KATHLEEN S",POTTER,17,0,Governor
0,2,2018,SCHUYLKILL,DEM,"WOLF, THOMAS W ",21179,0,0,43.47,0.00,0.00,"FETTERMAN, JOHN K",SCHUYLKILL,1,0,Governor
1,4,2018,SCHUYLKILL,REP,"WAGNER, SCOTT R ",26640,0,0,54.68,0.00,0.00,"BARTOS, JEFFREY A",SCHUYLKILL,5,0,Governor
2,,2018,SCHUYLKILL,GRN,"GLOVER, PAUL ",329,0,0,0.68,0.00,0.00,"BOWSER-BOSTICK, JOCOLYN ",SCHUYLKILL,14,0,Governor
3,,2018,SCHUYLKILL,LIB,"KRAWCHUK, KENNETH V ",570,0,0,1.17,0.00,0.00,"SMITH, KATHLEEN S",SCHUYLKILL,17,0,Governor
0,2,2018,SNYDER,DEM,"WOLF, THOMAS W ",4833,0,0,36.25,0.00,0.00,"FETTERMAN, JOHN K",SNYDER,1,0,Governor
1,4,2018,SNYDER,REP,"WAGNER, SCOTT R ",8283,0,0,62.13,0.00,0.00,"BARTOS, JEFFREY A",SNYDER,5,0,Governor
2,,2018,SNYDER,GRN,"GLOVER, PAUL ",67,0,0,0.50,0.00,0.00,"BOWSER-BOSTICK, JOCOLYN ",SNYDER,14,0,Governor
3,,2018,SNYDER,LIB,"KRAWCHUK, KENNETH V ",149,0,0,1.12,0.00,0.00,"SMITH, KATHLEEN S",SNYDER,17,0,Governor
0,2,2018,SOMERSET,DEM,"WOLF, THOMAS W ",9138,0,0,31.81,0.00,0.00,"FETTERMAN, JOHN K",SOMERSET,1,0,Governor
1,4,2018,SOMERSET,REP,"WAGNER, SCOTT R ",19020,0,0,66.21,0.00,0.00,"BARTOS, JEFFREY A",SOMERSET,5,0,Governor
2,,2018,SOMERSET,GRN,"GLOVER, PAUL ",204,0,0,0.71,0.00,0.00,"BOWSER-BOSTICK, JOCOLYN ",SOMERSET,14,0,Governor
3,,2018,SOMERSET,LIB,"KRAWCHUK, KENNETH V ",366,0,0,1.27,0.00,0.00,"SMITH, KATHLEEN S",SOMERSET,17,0,Governor
0,2,2018,SULLIVAN,DEM,"WOLF, THOMAS W ",977,0,0,36.20,0.00,0.00,"FETTERMAN, JOHN K",SULLIVAN,1,0,Governor
1,4,2018,SULLIVAN,REP,"WAGNER, SCOTT R ",1661,0,0,61.54,0.00,0.00,"BARTOS, JEFFREY A",SULLIVAN,5,0,Governor
2,,2018,SULLIVAN,GRN,"GLOVER, PAUL ",11,0,0,0.41,0.00,0.00,"BOWSER-BOSTICK, JOCOLYN ",SULLIVAN,14,0,Governor
3,,2018,SULLIVAN,LIB,"KRAWCHUK, KENNETH V ",50,0,0,1.85,0.00,0.00,"SMITH, KATHLEEN S",SULLIVAN,17,0,Governor
0,2,2018,SUSQUEHANNA,DEM,"WOLF, THOMAS W ",5273,0,0,33.55,0.00,0.00,"FETTERMAN, JOHN K",SUSQUEHANNA,1,0,Governor
1,4,2018,SUSQUEHANNA,REP,"WAGNER, SCOTT R ",10137,0,0,64.49,0.00,0.00,"BARTOS, JEFFREY A",SUSQUEHANNA,5,0,Governor
2,,2018,SUSQUEHANNA,GRN,"GLOVER, PAUL ",132,0,0,0.84,0.00,0.00,"BOWSER-BOSTICK, JOCOLYN ",SUSQUEHANNA,14,0,Governor
3,,2018,SUSQUEHANNA,LIB,"KRAWCHUK, KENNETH V ",177,0,0,1.13,0.00,0.00,"SMITH, KATHLEEN S",SUSQUEHANNA,17,0,Governor
0,2,2018,TIOGA,DEM,"WOLF, THOMAS W ",3991,0,0,27.01,0.00,0.00,"FETTERMAN, JOHN K",TIOGA,1,0,Governor
1,4,2018,TIOGA,REP,"WAGNER, SCOTT R ",10472,0,0,70.86,0.00,0.00,"BARTOS, JEFFREY A",TIOGA,5,0,Governor
2,,2018,TIOGA,GRN,"GLOVER, PAUL ",136,0,0,0.92,0.00,0.00,"BOWSER-BOSTICK, JOCOLYN ",TIOGA,14,0,Governor
3,,2018,TIOGA,LIB,"KRAWCHUK, KENNETH V ",179,0,0,1.21,0.00,0.00,"SMITH, KATHLEEN S",TIOGA,17,0,Governor
0,2,2018,UNION,DEM,"WOLF, THOMAS W ",6426,0,0,44.64,0.00,0.00,"FETTERMAN, JOHN K",UNION,1,0,Governor
1,4,2018,UNION,REP,"WAGNER, SCOTT R ",7676,0,0,53.32,0.00,0.00,"BARTOS, JEFFREY A",UNION,5,0,Governor
2,,2018,UNION,GRN,"GLOVER, PAUL ",93,0,0,0.65,0.00,0.00,"BOWSER-BOSTICK, JOCOLYN ",UNION,14,0,Governor
3,,2018,UNION,LIB,"KRAWCHUK, KENNETH V ",201,0,0,1.40,0.00,0.00,"SMITH, KATHLEEN S",UNION,17,0,Governor
0,2,2018,VENANGO,DEM,"WOLF, THOMAS W ",7431,0,0,39.90,0.00,0.00,"FETTERMAN, JOHN K",VENANGO,1,0,Governor
1,4,2018,VENANGO,REP,"WAGNER, SCOTT R ",10856,0,0,58.29,0.00,0.00,"BARTOS, JEFFREY A",VENANGO,5,0,Governor
2,,2018,VENANGO,GRN,"GLOVER, PAUL ",96,0,0,0.52,0.00,0.00,"BOWSER-BOSTICK, JOCOLYN ",VENANGO,14,0,Governor
3,,2018,VENANGO,LIB,"KRAWCHUK, KENNETH V ",242,0,0,1.30,0.00,0.00,"SMITH, KATHLEEN S",VENANGO,17,0,Governor
0,2,2018,WARREN,DEM,"WOLF, THOMAS W ",5447,0,0,37.61,0.00,0.00,"FETTERMAN, JOHN K",WARREN,1,0,Governor
1,4,2018,WARREN,REP,"WAGNER, SCOTT R ",8766,0,0,60.53,0.00,0.00,"BARTOS, JEFFREY A",WARREN,5,0,Governor
2,,2018,WARREN,GRN,"GLOVER, PAUL ",108,0,0,0.75,0.00,0.00,"BOWSER-BOSTICK, JOCOLYN ",WARREN,14,0,Governor
3,,2018,WARREN,LIB,"KRAWCHUK, KENNETH V ",162,0,0,1.12,0.00,0.00,"SMITH, KATHLEEN S",WARREN,17,0,Governor
0,2,2018,WASHINGTON,DEM,"WOLF, THOMAS W ",39898,0,0,48.41,0.00,0.00,"FETTERMAN, JOHN K",WASHINGTON,1,0,Governor
1,4,2018,WASHINGTON,REP,"WAGNER, SCOTT R ",40662,0,0,49.34,0.00,0.00,"BARTOS, JEFFREY A",WASHINGTON,5,0,Governor
2,,2018,WASHINGTON,GRN,"GLOVER, PAUL ",576,0,0,0.70,0.00,0.00,"BOWSER-BOSTICK, JOCOLYN ",WASHINGTON,14,0,Governor
3,,2018,WASHINGTON,LIB,"KRAWCHUK, KENNETH V ",1282,0,0,1.56,0.00,0.00,"SMITH, KATHLEEN S",WASHINGTON,17,0,Governor
0,2,2018,WAYNE,DEM,"WOLF, THOMAS W ",8023,0,0,39.94,0.00,0.00,"FETTERMAN, JOHN K",WAYNE,1,0,Governor
1,4,2018,WAYNE,REP,"WAGNER, SCOTT R ",11751,0,0,58.50,0.00,0.00,"BARTOS, JEFFREY A",WAYNE,5,0,Governor
2,,2018,WAYNE,GRN,"GLOVER, PAUL ",134,0,0,0.67,0.00,0.00,"BOWSER-BOSTICK, JOCOLYN ",WAYNE,14,0,Governor
3,,2018,WAYNE,LIB,"KRAWCHUK, KENNETH V ",178,0,0,0.89,0.00,0.00,"SMITH, KATHLEEN S",WAYNE,17,0,Governor
0,2,2018,WESTMORELAND,DEM,"WOLF, THOMAS W ",67950,0,0,46.45,0.00,0.00,"FETTERMAN, JOHN K",WESTMORELAND,1,0,Governor
1,4,2018,WESTMORELAND,REP,"WAGNER, SCOTT R ",76126,0,0,52.04,0.00,0.00,"BARTOS, JEFFREY A",WESTMORELAND,5,0,Governor
2,,2018,WESTMORELAND,GRN,"GLOVER, PAUL ",690,0,0,0.47,0.00,0.00,"BOWSER-BOSTICK, JOCOLYN ",WESTMORELAND,14,0,Governor
3,,2018,WESTMORELAND,LIB,"KRAWCHUK, KENNETH V ",1529,0,0,1.05,0.00,0.00,"SMITH, KATHLEEN S",WESTMORELAND,17,0,Governor
0,2,2018,WYOMING,DEM,"WOLF, THOMAS W ",4101,0,0,38.51,0.00,0.00,"FETTERMAN, JOHN K",WYOMING,1,0,Governor
1,4,2018,WYOMING,REP,"WAGNER, SCOTT R ",6344,0,0,59.57,0.00,0.00,"BARTOS, JEFFREY A",WYOMING,5,0,Governor
2,,2018,WYOMING,GRN,"GLOVER, PAUL ",104,0,0,0.98,0.00,0.00,"BOWSER-BOSTICK, JOCOLYN ",WYOMING,14,0,Governor
3,,2018,WYOMING,LIB,"KRAWCHUK, KENNETH V ",100,0,0,0.94,0.00,0.00,"SMITH, KATHLEEN S",WYOMING,17,0,Governor
0,2,2018,YORK,DEM,"WOLF, THOMAS W ",75313,0,0,44.57,0.00,0.00,"FETTERMAN, JOHN K",YORK,1,0,Governor
1,4,2018,YORK,REP,"WAGNER, SCOTT R ",90590,0,0,53.61,0.00,0.00,"BARTOS, JEFFREY A",YORK,5,0,Governor
2,,2018,YORK,GRN,"GLOVER, PAUL ",910,0,0,0.54,0.00,0.00,"BOWSER-BOSTICK, JOCOLYN ",YORK,14,0,Governor
3,,2018,YORK,LIB,"KRAWCHUK, KENNETH V ",2165,0,0,1.28,0.00,0.00,"SMITH, KATHLEEN S",YORK,17,0,Governor
0,1,2018,ADAMS,DEM,"CASEY, ROBERT P JR",14880,0,0,38.05,0.00,0.00, ,ADAMS,1,0,U.S. Senate
1,3,2018,ADAMS,REP,"BARLETTA, LOUIS J. ",23419,0,0,59.89,0.00,0.00, ,ADAMS,5,0,U.S. Senate
2,,2018,ADAMS,GRN,"GALE, NEAL TAYLOR ",292,0,0,0.75,0.00,0.00, ,ADAMS,14,0,U.S. Senate
3,,2018,ADAMS,LIB,"KERNS, DALE R JR",511,0,0,1.31,0.00,0.00, ,ADAMS,17,0,U.S. Senate
0,1,2018,ALLEGHENY,DEM,"CASEY, ROBERT P JR",355907,0,0,65.70,0.00,0.00, ,ALLEGHENY,1,0,U.S. Senate
1,3,2018,ALLEGHENY,REP,"BARLETTA, LOUIS J. ",176351,0,0,32.55,0.00,0.00, ,ALLEGHENY,5,0,U.S. Senate
2,,2018,ALLEGHENY,GRN,"GALE, NEAL TAYLOR ",3240,0,0,0.60,0.00,0.00, ,ALLEGHENY,14,0,U.S. Senate
3,,2018,ALLEGHENY,LIB,"KERNS, DALE R JR",6205,0,0,1.15,0.00,0.00, ,ALLEGHENY,17,0,U.S. Senate
0,1,2018,ARMSTRONG,DEM,"CASEY, ROBERT P JR",8570,0,0,35.00,0.00,0.00, ,ARMSTRONG,1,0,U.S. Senate
1,3,2018,ARMSTRONG,REP,"BARLETTA, LOUIS J. ",15449,0,0,63.09,0.00,0.00, ,ARMSTRONG,5,0,U.S. Senate
2,,2018,ARMSTRONG,GRN,"GALE, NEAL TAYLOR ",159,0,0,0.65,0.00,0.00, ,ARMSTRONG,14,0,U.S. Senate
3,,2018,ARMSTRONG,LIB,"KERNS, DALE R JR",310,0,0,1.27,0.00,0.00, ,ARMSTRONG,17,0,U.S. Senate
0,1,2018,BEAVER,DEM,"CASEY, ROBERT P JR",34442,0,0,50.92,0.00,0.00, ,BEAVER,1,0,U.S. Senate
1,3,2018,BEAVER,REP,"BARLETTA, LOUIS J. ",31916,0,0,47.18,0.00,0.00, ,BEAVER,5,0,U.S. Senate
2,,2018,BEAVER,GRN,"GALE, NEAL TAYLOR ",437,0,0,0.65,0.00,0.00, ,BEAVER,14,0,U.S. Senate
3,,2018,BEAVER,LIB,"KERNS, DALE R JR",847,0,0,1.25,0.00,0.00, ,BEAVER,17,0,U.S. Senate
0,1,2018,BEDFORD,DEM,"CASEY, ROBERT P JR",4567,0,0,24.26,0.00,0.00, ,BEDFORD,1,0,U.S. Senate
1,3,2018,BEDFORD,REP,"BARLETTA, LOUIS J. ",14044,0,0,74.61,0.00,0.00, ,BEDFORD,5,0,U.S. Senate
2,,2018,BEDFORD,GRN,"GALE, NEAL TAYLOR ",83,0,0,0.44,0.00,0.00, ,BEDFORD,14,0,U.S. Senate
3,,2018,BEDFORD,LIB,"KERNS, DALE R JR",129,0,0,0.69,0.00,0.00, ,BEDFORD,17,0,U.S. Senate
0,1,2018,BERKS,DEM,"CASEY, ROBERT P JR",73714,0,0,51.00,0.00,0.00, ,BERKS,1,0,U.S. Senate
1,3,2018,BERKS,REP,"BARLETTA, LOUIS J. ",68159,0,0,47.16,0.00,0.00, ,BERKS,5,0,U.S. Senate
2,,2018,BERKS,GRN,"GALE, NEAL TAYLOR ",977,0,0,0.68,0.00,0.00, ,BERKS,14,0,U.S. Senate
3,,2018,BERKS,LIB,"KERNS, DALE R JR",1683,0,0,1.16,0.00,0.00, ,BERKS,17,0,U.S. Senate
0,1,2018,BLAIR,DEM,"CASEY, ROBERT P JR",14599,0,0,33.82,0.00,0.00, ,BLAIR,1,0,U.S. Senate
1,3,2018,BLAIR,REP,"BARLETTA, LOUIS J. ",27826,0,0,64.46,0.00,0.00, ,BLAIR,5,0,U.S. Senate
2,,2018,BLAIR,GRN,"GALE, NEAL TAYLOR ",258,0,0,0.60,0.00,0.00, ,BLAIR,14,0,U.S. Senate
3,,2018,BLAIR,LIB,"KERNS, DALE R JR",482,0,0,1.12,0.00,0.00, ,BLAIR,17,0,U.S. Senate
0,1,2018,BRADFORD,DEM,"CASEY, ROBERT P JR",6926,0,0,34.07,0.00,0.00, ,BRADFORD,1,0,U.S. Senate
1,3,2018,BRADFORD,REP,"BARLETTA, LOUIS J. ",13032,0,0,64.11,0.00,0.00, ,BRADFORD,5,0,U.S. Senate
2,,2018,BRADFORD,GRN,"GALE, NEAL TAYLOR ",143,0,0,0.70,0.00,0.00, ,BRADFORD,14,0,U.S. Senate
3,,2018,BRADFORD,LIB,"KERNS, DALE R JR",227,0,0,1.12,0.00,0.00, ,BRADFORD,17,0,U.S. Senate
0,1,2018,BUCKS,DEM,"CASEY, ROBERT P JR",165408,0,0,56.20,0.00,0.00, ,BUCKS,1,0,U.S. Senate
1,3,2018,BUCKS,REP,"BARLETTA, LOUIS J. ",124133,0,0,42.18,0.00,0.00, ,BUCKS,5,0,U.S. Senate
2,,2018,BUCKS,GRN,"GALE, NEAL TAYLOR ",1903,0,0,0.65,0.00,0.00, ,BUCKS,14,0,U.S. Senate
3,,2018,BUCKS,LIB,"KERNS, DALE R JR",2873,0,0,0.98,0.00,0.00, ,BUCKS,17,0,U.S. Senate
0,1,2018,BUTLER,DEM,"CASEY, ROBERT P JR",31010,0,0,39.01,0.00,0.00, ,BUTLER,1,0,U.S. Senate
1,3,2018,BUTLER,REP,"BARLETTA, LOUIS J. ",46875,0,0,58.97,0.00,0.00, ,BUTLER,5,0,U.S. Senate
2,,2018,BUTLER,GRN,"GALE, NEAL TAYLOR ",488,0,0,0.61,0.00,0.00, ,BUTLER,14,0,U.S. Senate
3,,2018,BUTLER,LIB,"KERNS, DALE R JR",1122,0,0,1.41,0.00,0.00, ,BUTLER,17,0,U.S. Senate
0,1,2018,CAMBRIA,DEM,"CASEY, ROBERT P JR",21590,0,0,43.52,0.00,0.00, ,CAMBRIA,1,0,U.S. Senate
1,3,2018,CAMBRIA,REP,"BARLETTA, LOUIS J. ",27367,0,0,55.17,0.00,0.00, ,CAMBRIA,5,0,U.S. Senate
2,,2018,CAMBRIA,GRN,"GALE, NEAL TAYLOR ",247,0,0,0.50,0.00,0.00, ,CAMBRIA,14,0,U.S. Senate
3,,2018,CAMBRIA,LIB,"KERNS, DALE R JR",403,0,0,0.81,0.00,0.00, ,CAMBRIA,17,0,U.S. Senate
0,1,2018,CAMERON,DEM,"CASEY, ROBERT P JR",653,0,0,37.00,0.00,0.00, ,CAMERON,1,0,U.S. Senate
1,3,2018,CAMERON,REP,"BARLETTA, LOUIS J. ",1080,0,0,61.19,0.00,0.00, ,CAMERON,5,0,U.S. Senate
2,,2018,CAMERON,GRN,"GALE, NEAL TAYLOR ",10,0,0,0.57,0.00,0.00, ,CAMERON,14,0,U.S. Senate
3,,2018,CAMERON,LIB,"KERNS, DALE R JR",22,0,0,1.25,0.00,0.00, ,CAMERON,17,0,U.S. Senate
0,1,2018,CARBON,DEM,"CASEY, ROBERT P JR",8739,0,0,38.71,0.00,0.00, ,CARBON,1,0,U.S. Senate
1,3,2018,CARBON,REP,"BARLETTA, LOUIS J. ",13519,0,0,59.89,0.00,0.00, ,CARBON,5,0,U.S. Senate
2,,2018,CARBON,GRN,"GALE, NEAL TAYLOR ",119,0,0,0.53,0.00,0.00, ,CARBON,14,0,U.S. Senate
3,,2018,CARBON,LIB,"KERNS, DALE R JR",197,0,0,0.87,0.00,0.00, ,CARBON,17,0,U.S. Senate
0,1,2018,CENTRE,DEM,"CASEY, ROBERT P JR",34778,0,0,57.33,0.00,0.00, ,CENTRE,1,0,U.S. Senate
1,3,2018,CENTRE,REP,"BARLETTA, LOUIS J. ",24332,0,0,40.11,0.00,0.00, ,CENTRE,5,0,U.S. Senate
2,,2018,CENTRE,GRN,"GALE, NEAL TAYLOR ",632,0,0,1.04,0.00,0.00, ,CENTRE,14,0,U.S. Senate
3,,2018,CENTRE,LIB,"KERNS, DALE R JR",922,0,0,1.52,0.00,0.00, ,CENTRE,17,0,U.S. Senate
0,1,2018,CHESTER,DEM,"CASEY, ROBERT P JR",140138,0,0,59.20,0.00,0.00, ,CHESTER,1,0,U.S. Senate
1,3,2018,CHESTER,REP,"BARLETTA, LOUIS J. ",92380,0,0,39.03,0.00,0.00, ,CHESTER,5,0,U.S. Senate
2,,2018,CHESTER,GRN,"GALE, NEAL TAYLOR ",1587,0,0,0.67,0.00,0.00, ,CHESTER,14,0,U.S. Senate
3,,2018,CHESTER,LIB,"KERNS, DALE R JR",2613,0,0,1.10,0.00,0.00, ,CHESTER,17,0,U.S. Senate
0,1,2018,CLARION,DEM,"CASEY, ROBERT P JR",4924,0,0,35.09,0.00,0.00, ,CLARION,1,0,U.S. Senate
1,3,2018,CLARION,REP,"BARLETTA, LOUIS J. ",8838,0,0,62.99,0.00,0.00, ,CLARION,5,0,U.S. Senate
2,,2018,CLARION,GRN,"GALE, NEAL TAYLOR ",87,0,0,0.62,0.00,0.00, ,CLARION,14,0,U.S. Senate
3,,2018,CLARION,LIB,"KERNS, DALE R JR",182,0,0,1.30,0.00,0.00, ,CLARION,17,0,U.S. Senate
0,1,2018,CLEARFIELD,DEM,"CASEY, ROBERT P JR",9540,0,0,35.59,0.00,0.00, ,CLEARFIELD,1,0,U.S. Senate
1,3,2018,CLEARFIELD,REP,"BARLETTA, LOUIS J. ",16852,0,0,62.87,0.00,0.00, ,CLEARFIELD,5,0,U.S. Senate
2,,2018,CLEARFIELD,GRN,"GALE, NEAL TAYLOR ",145,0,0,0.54,0.00,0.00, ,CLEARFIELD,14,0,U.S. Senate
3,,2018,CLEARFIELD,LIB,"KERNS, DALE R JR",266,0,0,0.99,0.00,0.00, ,CLEARFIELD,17,0,U.S. Senate
0,1,2018,CLINTON,DEM,"CASEY, ROBERT P JR",5289,0,0,42.73,0.00,0.00, ,CLINTON,1,0,U.S. Senate
1,3,2018,CLINTON,REP,"BARLETTA, LOUIS J. ",6869,0,0,55.49,0.00,0.00, ,CLINTON,5,0,U.S. Senate
2,,2018,CLINTON,GRN,"GALE, NEAL TAYLOR ",82,0,0,0.66,0.00,0.00, ,CLINTON,14,0,U.S. Senate
3,,2018,CLINTON,LIB,"KERNS, DALE R JR",138,0,0,1.11,0.00,0.00, ,CLINTON,17,0,U.S. Senate
0,1,2018,COLUMBIA,DEM,"CASEY, ROBERT P JR",8837,0,0,39.04,0.00,0.00, ,COLUMBIA,1,0,U.S. Senate
1,3,2018,COLUMBIA,REP,"BARLETTA, LOUIS J. ",13437,0,0,59.36,0.00,0.00, ,COLUMBIA,5,0,U.S. Senate
2,,2018,COLUMBIA,GRN,"GALE, NEAL TAYLOR ",140,0,0,0.62,0.00,0.00, ,COLUMBIA,14,0,U.S. Senate
3,,2018,COLUMBIA,LIB,"KERNS, DALE R JR",224,0,0,0.99,0.00,0.00, ,COLUMBIA,17,0,U.S. Senate
0,1,2018,CRAWFORD,DEM,"CASEY, ROBERT P JR",11720,0,0,39.02,0.00,0.00, ,CRAWFORD,1,0,U.S. Senate
1,3,2018,CRAWFORD,REP,"BARLETTA, LOUIS J. ",17813,0,0,59.31,0.00,0.00, ,CRAWFORD,5,0,U.S. Senate
2,,2018,CRAWFORD,GRN,"GALE, NEAL TAYLOR ",192,0,0,0.64,0.00,0.00, ,CRAWFORD,14,0,U.S. Senate
3,,2018,CRAWFORD,LIB,"KERNS, DALE R JR",310,0,0,1.03,0.00,0.00, ,CRAWFORD,17,0,U.S. Senate
0,1,2018,CUMBERLAND,DEM,"CASEY, ROBERT P JR",47738,0,0,45.73,0.00,0.00, ,CUMBERLAND,1,0,U.S. Senate
1,3,2018,CUMBERLAND,REP,"BARLETTA, LOUIS J. ",54525,0,0,52.23,0.00,0.00, ,CUMBERLAND,5,0,U.S. Senate
2,,2018,CUMBERLAND,GRN,"GALE, NEAL TAYLOR ",738,0,0,0.71,0.00,0.00, ,CUMBERLAND,14,0,U.S. Senate
3,,2018,CUMBERLAND,LIB,"KERNS, DALE R JR",1399,0,0,1.34,0.00,0.00, ,CUMBERLAND,17,0,U.S. Senate
0,1,2018,DAUPHIN,DEM,"CASEY, ROBERT P JR",59533,0,0,54.76,0.00,0.00, ,DAUPHIN,1,0,U.S. Senate
1,3,2018,DAUPHIN,REP,"BARLETTA, LOUIS J. ",47152,0,0,43.37,0.00,0.00, ,DAUPHIN,5,0,U.S. Senate
2,,2018,DAUPHIN,GRN,"GALE, NEAL TAYLOR ",783,0,0,0.72,0.00,0.00, ,DAUPHIN,14,0,U.S. Senate
3,,2018,DAUPHIN,LIB,"KERNS, DALE R JR",1240,0,0,1.14,0.00,0.00, ,DAUPHIN,17,0,U.S. Senate
0,1,2018,DELAWARE,DEM,"CASEY, ROBERT P JR",163216,0,0,65.03,0.00,0.00, ,DELAWARE,1,0,U.S. Senate
1,3,2018,DELAWARE,REP,"BARLETTA, LOUIS J. ",84423,0,0,33.63,0.00,0.00, ,DELAWARE,5,0,U.S. Senate
2,,2018,DELAWARE,GRN,"GALE, NEAL TAYLOR ",1313,0,0,0.52,0.00,0.00, ,DELAWARE,14,0,U.S. Senate
3,,2018,DELAWARE,LIB,"KERNS, DALE R JR",2050,0,0,0.82,0.00,0.00, ,DELAWARE,17,0,U.S. Senate
0,1,2018,ELK,DEM,"CASEY, ROBERT P JR",4498,0,0,39.87,0.00,0.00, ,ELK,1,0,U.S. Senate
1,3,2018,ELK,REP,"BARLETTA, LOUIS J. ",6610,0,0,58.59,0.00,0.00, ,ELK,5,0,U.S. Senate
2,,2018,ELK,GRN,"GALE, NEAL TAYLOR ",63,0,0,0.56,0.00,0.00, ,ELK,14,0,U.S. Senate
3,,2018,ELK,LIB,"KERNS, DALE R JR",111,0,0,0.98,0.00,0.00, ,ELK,17,0,U.S. Senate
0,1,2018,ERIE,DEM,"CASEY, ROBERT P JR",58906,0,0,58.39,0.00,0.00, ,ERIE,1,0,U.S. Senate
1,3,2018,ERIE,REP,"BARLETTA, LOUIS J. ",40348,0,0,39.99,0.00,0.00, ,ERIE,5,0,U.S. Senate
2,,2018,ERIE,GRN,"GALE, NEAL TAYLOR ",611,0,0,0.61,0.00,0.00, ,ERIE,14,0,U.S. Senate
3,,2018,ERIE,LIB,"KERNS, DALE R JR",1024,0,0,1.01,0.00,0.00, ,ERIE,17,0,U.S. Senate
0,1,2018,FAYETTE,DEM,"CASEY, ROBERT P JR",19563,0,0,48.06,0.00,0.00, ,FAYETTE,1,0,U.S. Senate
1,3,2018,FAYETTE,REP,"BARLETTA, LOUIS J. ",20514,0,0,50.40,0.00,0.00, ,FAYETTE,5,0,U.S. Senate
2,,2018,FAYETTE,GRN,"GALE, NEAL TAYLOR ",201,0,0,0.49,0.00,0.00, ,FAYETTE,14,0,U.S. Senate
3,,2018,FAYETTE,LIB,"KERNS, DALE R JR",427,0,0,1.05,0.00,0.00, ,FAYETTE,17,0,U.S. Senate
0,1,2018,FOREST,DEM,"CASEY, ROBERT P JR",693,0,0,35.87,0.00,0.00, ,FOREST,1,0,U.S. Senate
1,3,2018,FOREST,REP,"BARLETTA, LOUIS J. ",1201,0,0,62.16,0.00,0.00, ,FOREST,5,0,U.S. Senate
2,,2018,FOREST,GRN,"GALE, NEAL TAYLOR ",14,0,0,0.72,0.00,0.00, ,FOREST,14,0,U.S. Senate
3,,2018,FOREST,LIB,"KERNS, DALE R JR",24,0,0,1.24,0.00,0.00, ,FOREST,17,0,U.S. Senate
0,1,2018,FRANKLIN,DEM,"CASEY, ROBERT P JR",17385,0,0,31.59,0.00,0.00, ,FRANKLIN,1,0,U.S. Senate
1,3,2018,FRANKLIN,REP,"BARLETTA, LOUIS J. ",36735,0,0,66.76,0.00,0.00, ,FRANKLIN,5,0,U.S. Senate
2,,2018,FRANKLIN,GRN,"GALE, NEAL TAYLOR ",335,0,0,0.61,0.00,0.00, ,FRANKLIN,14,0,U.S. Senate
3,,2018,FRANKLIN,LIB,"KERNS, DALE R JR",572,0,0,1.04,0.00,0.00, ,FRANKLIN,17,0,U.S. Senate
0,1,2018,FULTON,DEM,"CASEY, ROBERT P JR",1061,0,0,20.00,0.00,0.00, ,FULTON,1,0,U.S. Senate
1,3,2018,FULTON,REP,"BARLETTA, LOUIS J. ",4173,0,0,78.68,0.00,0.00, ,FULTON,5,0,U.S. Senate
2,,2018,FULTON,GRN,"GALE, NEAL TAYLOR ",27,0,0,0.51,0.00,0.00, ,FULTON,14,0,U.S. Senate
3,,2018,FULTON,LIB,"KERNS, DALE R JR",43,0,0,0.81,0.00,0.00, ,FULTON,17,0,U.S. Senate
0,1,2018,GREENE,DEM,"CASEY, ROBERT P JR",5819,0,0,46.82,0.00,0.00, ,GREENE,1,0,U.S. Senate
1,3,2018,GREENE,REP,"BARLETTA, LOUIS J. ",6422,0,0,51.67,0.00,0.00, ,GREENE,5,0,U.S. Senate
2,,2018,GREENE,GRN,"GALE, NEAL TAYLOR ",72,0,0,0.58,0.00,0.00, ,GREENE,14,0,U.S. Senate
3,,2018,GREENE,LIB,"KERNS, DALE R JR",115,0,0,0.93,0.00,0.00, ,GREENE,17,0,U.S. Senate
0,1,2018,HUNTINGDON,DEM,"CASEY, ROBERT P JR",5126,0,0,32.22,0.00,0.00, ,HUNTINGDON,1,0,U.S. Senate
1,3,2018,HUNTINGDON,REP,"BARLETTA, LOUIS J. ",10491,0,0,65.94,0.00,0.00, ,HUNTINGDON,5,0,U.S. Senate
2,,2018,HUNTINGDON,GRN,"GALE, NEAL TAYLOR ",108,0,0,0.68,0.00,0.00, ,HUNTINGDON,14,0,U.S. Senate
3,,2018,HUNTINGDON,LIB,"KERNS, DALE R JR",186,0,0,1.17,0.00,0.00, ,HUNTINGDON,17,0,U.S. Senate
0,1,2018,INDIANA,DEM,"CASEY, ROBERT P JR",12702,0,0,42.99,0.00,0.00, ,INDIANA,1,0,U.S. Senate
1,3,2018,INDIANA,REP,"BARLETTA, LOUIS J. ",16314,0,0,55.22,0.00,0.00, ,INDIANA,5,0,U.S. Senate
2,,2018,INDIANA,GRN,"GALE, NEAL TAYLOR ",189,0,0,0.64,0.00,0.00, ,INDIANA,14,0,U.S. Senate
3,,2018,INDIANA,LIB,"KERNS, DALE R JR",338,0,0,1.14,0.00,0.00, ,INDIANA,17,0,U.S. Senate
0,1,2018,JEFFERSON,DEM,"CASEY, ROBERT P JR",4437,0,0,28.49,0.00,0.00, ,JEFFERSON,1,0,U.S. Senate
1,3,2018,JEFFERSON,REP,"BARLETTA, LOUIS J. ",10872,0,0,69.80,0.00,0.00, ,JEFFERSON,5,0,U.S. Senate
2,,2018,JEFFERSON,GRN,"GALE, NEAL TAYLOR ",100,0,0,0.64,0.00,0.00, ,JEFFERSON,14,0,U.S. Senate
3,,2018,JEFFERSON,LIB,"KERNS, DALE R JR",167,0,0,1.07,0.00,0.00, ,JEFFERSON,17,0,U.S. Senate
0,1,2018,JUNIATA,DEM,"CASEY, ROBERT P JR",2412,0,0,28.48,0.00,0.00, ,JUNIATA,1,0,U.S. Senate
1,3,2018,JUNIATA,REP,"BARLETTA, LOUIS J. ",5853,0,0,69.12,0.00,0.00, ,JUNIATA,5,0,U.S. Senate
2,,2018,JUNIATA,GRN,"GALE, NEAL TAYLOR ",87,0,0,1.03,0.00,0.00, ,JUNIATA,14,0,U.S. Senate
3,,2018,JUNIATA,LIB,"KERNS, DALE R JR",116,0,0,1.37,0.00,0.00, ,JUNIATA,17,0,U.S. Senate
0,1,2018,LACKAWANNA,DEM,"CASEY, ROBERT P JR",51444,0,0,61.06,0.00,0.00, ,LACKAWANNA,1,0,U.S. Senate
1,3,2018,LACKAWANNA,REP,"BARLETTA, LOUIS J. ",31922,0,0,37.89,0.00,0.00, ,LACKAWANNA,5,0,U.S. Senate
2,,2018,LACKAWANNA,GRN,"GALE, NEAL TAYLOR ",402,0,0,0.48,0.00,0.00, ,LACKAWANNA,14,0,U.S. Senate
3,,2018,LACKAWANNA,LIB,"KERNS, DALE R JR",488,0,0,0.58,0.00,0.00, ,LACKAWANNA,17,0,U.S. Senate
0,1,2018,LANCASTER,DEM,"CASEY, ROBERT P JR",90521,0,0,44.73,0.00,0.00, ,LANCASTER,1,0,U.S. Senate
1,3,2018,LANCASTER,REP,"BARLETTA, LOUIS J. ",107454,0,0,53.10,0.00,0.00, ,LANCASTER,5,0,U.S. Senate
2,,2018,LANCASTER,GRN,"GALE, NEAL TAYLOR ",1406,0,0,0.69,0.00,0.00, ,LANCASTER,14,0,U.S. Senate
3,,2018,LANCASTER,LIB,"KERNS, DALE R JR",2983,0,0,1.47,0.00,0.00, ,LANCASTER,17,0,U.S. Senate
0,1,2018,LAWRENCE,DEM,"CASEY, ROBERT P JR",14324,0,0,44.56,0.00,0.00, ,LAWRENCE,1,0,U.S. Senate
1,3,2018,LAWRENCE,REP,"BARLETTA, LOUIS J. ",17375,0,0,54.05,0.00,0.00, ,LAWRENCE,5,0,U.S. Senate
2,,2018,LAWRENCE,GRN,"GALE, NEAL TAYLOR ",150,0,0,0.47,0.00,0.00, ,LAWRENCE,14,0,U.S. Senate
3,,2018,LAWRENCE,LIB,"KERNS, DALE R JR",298,0,0,0.93,0.00,0.00, ,LAWRENCE,17,0,U.S. Senate
0,1,2018,LEBANON,DEM,"CASEY, ROBERT P JR",18368,0,0,37.37,0.00,0.00, ,LEBANON,1,0,U.S. Senate
1,3,2018,LEBANON,REP,"BARLETTA, LOUIS J. ",29836,0,0,60.71,0.00,0.00, ,LEBANON,5,0,U.S. Senate
2,,2018,LEBANON,GRN,"GALE, NEAL TAYLOR ",343,0,0,0.70,0.00,0.00, ,LEBANON,14,0,U.S. Senate
3,,2018,LEBANON,LIB,"KERNS, DALE R JR",602,0,0,1.22,0.00,0.00, ,LEBANON,17,0,U.S. Senate
0,1,2018,LEHIGH,DEM,"CASEY, ROBERT P JR",73632,0,0,57.33,0.00,0.00, ,LEHIGH,1,0,U.S. Senate
1,3,2018,LEHIGH,REP,"BARLETTA, LOUIS J. ",52576,0,0,40.93,0.00,0.00, ,LEHIGH,5,0,U.S. Senate
2,,2018,LEHIGH,GRN,"GALE, NEAL TAYLOR ",818,0,0,0.64,0.00,0.00, ,LEHIGH,14,0,U.S. Senate
3,,2018,LEHIGH,LIB,"KERNS, DALE R JR",1412,0,0,1.10,0.00,0.00, ,LEHIGH,17,0,U.S. Senate
0,1,2018,LUZERNE,DEM,"CASEY, ROBERT P JR",49200,0,0,45.43,0.00,0.00, ,LUZERNE,1,0,U.S. Senate
1,3,2018,LUZERNE,REP,"BARLETTA, LOUIS J. ",58040,0,0,53.59,0.00,0.00, ,LUZERNE,5,0,U.S. Senate
2,,2018,LUZERNE,GRN,"GALE, NEAL TAYLOR ",497,0,0,0.46,0.00,0.00, ,LUZERNE,14,0,U.S. Senate
3,,2018,LUZERNE,LIB,"KERNS, DALE R JR",559,0,0,0.52,0.00,0.00, ,LUZERNE,17,0,U.S. Senate
0,1,2018,LYCOMING,DEM,"CASEY, ROBERT P JR",13893,0,0,33.82,0.00,0.00, ,LYCOMING,1,0,U.S. Senate
1,3,2018,LYCOMING,REP,"BARLETTA, LOUIS J. ",26488,0,0,64.48,0.00,0.00, ,LYCOMING,5,0,U.S. Senate
2,,2018,LYCOMING,GRN,"GALE, NEAL TAYLOR ",252,0,0,0.61,0.00,0.00, ,LYCOMING,14,0,U.S. Senate
3,,2018,LYCOMING,LIB,"KERNS, DALE R JR",447,0,0,1.09,0.00,0.00, ,LYCOMING,17,0,U.S. Senate
0,1,2018,McKEAN,DEM,"CASEY, ROBERT P JR",3972,0,0,31.89,0.00,0.00, ,McKEAN,1,0,U.S. Senate
1,3,2018,McKEAN,REP,"BARLETTA, LOUIS J. ",8285,0,0,66.52,0.00,0.00, ,McKEAN,5,0,U.S. Senate
2,,2018,McKEAN,GRN,"GALE, NEAL TAYLOR ",64,0,0,0.51,0.00,0.00, ,McKEAN,14,0,U.S. Senate
3,,2018,McKEAN,LIB,"KERNS, DALE R JR",133,0,0,1.07,0.00,0.00, ,McKEAN,17,0,U.S. Senate
0,1,2018,MERCER,DEM,"CASEY, ROBERT P JR",18136,0,0,44.13,0.00,0.00, ,MERCER,1,0,U.S. Senate
1,3,2018,MERCER,REP,"BARLETTA, LOUIS J. ",22290,0,0,54.24,0.00,0.00, ,MERCER,5,0,U.S. Senate
2,,2018,MERCER,GRN,"GALE, NEAL TAYLOR ",232,0,0,0.56,0.00,0.00, ,MERCER,14,0,U.S. Senate
3,,2018,MERCER,LIB,"KERNS, DALE R JR",439,0,0,1.07,0.00,0.00, ,MERCER,17,0,U.S. Senate
0,1,2018,MIFFLIN,DEM,"CASEY, ROBERT P JR",3934,0,0,28.61,0.00,0.00, ,MIFFLIN,1,0,U.S. Senate
1,3,2018,MIFFLIN,REP,"BARLETTA, LOUIS J. ",9564,0,0,69.55,0.00,0.00, ,MIFFLIN,5,0,U.S. Senate
2,,2018,MIFFLIN,GRN,"GALE, NEAL TAYLOR ",81,0,0,0.59,0.00,0.00, ,MIFFLIN,14,0,U.S. Senate
3,,2018,MIFFLIN,LIB,"KERNS, DALE R JR",173,0,0,1.26,0.00,0.00, ,MIFFLIN,17,0,U.S. Senate
0,1,2018,MONROE,DEM,"CASEY, ROBERT P JR",30626,0,0,55.27,0.00,0.00, ,MONROE,1,0,U.S. Senate
1,3,2018,MONROE,REP,"BARLETTA, LOUIS J. ",23968,0,0,43.25,0.00,0.00, ,MONROE,5,0,U.S. Senate
2,,2018,MONROE,GRN,"GALE, NEAL TAYLOR ",360,0,0,0.65,0.00,0.00, ,MONROE,14,0,U.S. Senate
3,,2018,MONROE,LIB,"KERNS, DALE R JR",458,0,0,0.83,0.00,0.00, ,MONROE,17,0,U.S. Senate
0,1,2018,MONTGOMERY,DEM,"CASEY, ROBERT P JR",248454,0,0,65.23,0.00,0.00, ,MONTGOMERY,1,0,U.S. Senate
1,3,2018,MONTGOMERY,REP,"BARLETTA, LOUIS J. ",126666,0,0,33.26,0.00,0.00, ,MONTGOMERY,5,0,U.S. Senate
2,,2018,MONTGOMERY,GRN,"GALE, NEAL TAYLOR ",2304,0,0,0.60,0.00,0.00, ,MONTGOMERY,14,0,U.S. Senate
3,,2018,MONTGOMERY,LIB,"KERNS, DALE R JR",3441,0,0,0.90,0.00,0.00, ,MONTGOMERY,17,0,U.S. Senate
0,1,2018,MONTOUR,DEM,"CASEY, ROBERT P JR",2966,0,0,42.17,0.00,0.00, ,MONTOUR,1,0,U.S. Senate
1,3,2018,MONTOUR,REP,"BARLETTA, LOUIS J. ",3943,0,0,56.06,0.00,0.00, ,MONTOUR,5,0,U.S. Senate
2,,2018,MONTOUR,GRN,"GALE, NEAL TAYLOR ",52,0,0,0.74,0.00,0.00, ,MONTOUR,14,0,U.S. Senate
3,,2018,MONTOUR,LIB,"KERNS, DALE R JR",73,0,0,1.04,0.00,0.00, ,MONTOUR,17,0,U.S. Senate
0,1,2018,NORTHAMPTON,DEM,"CASEY, ROBERT P JR",62275,0,0,54.33,0.00,0.00, ,NORTHAMPTON,1,0,U.S. Senate
1,3,2018,NORTHAMPTON,REP,"BARLETTA, LOUIS J. ",50385,0,0,43.96,0.00,0.00, ,NORTHAMPTON,5,0,U.S. Senate
2,,2018,NORTHAMPTON,GRN,"GALE, NEAL TAYLOR ",714,0,0,0.62,0.00,0.00, ,NORTHAMPTON,14,0,U.S. Senate
3,,2018,NORTHAMPTON,LIB,"KERNS, DALE R JR",1242,0,0,1.08,0.00,0.00, ,NORTHAMPTON,17,0,U.S. Senate
0,1,2018,NORTHUMBERLAND,DEM,"CASEY, ROBERT P JR",10524,0,0,36.45,0.00,0.00, ,NORTHUMBERLAND,1,0,U.S. Senate
1,3,2018,NORTHUMBERLAND,REP,"BARLETTA, LOUIS J. ",17926,0,0,62.08,0.00,0.00, ,NORTHUMBERLAND,5,0,U.S. Senate
2,,2018,NORTHUMBERLAND,GRN,"GALE, NEAL TAYLOR ",144,0,0,0.50,0.00,0.00, ,NORTHUMBERLAND,14,0,U.S. Senate
3,,2018,NORTHUMBERLAND,LIB,"KERNS, DALE R JR",281,0,0,0.97,0.00,0.00, ,NORTHUMBERLAND,17,0,U.S. Senate
0,1,2018,PERRY,DEM,"CASEY, ROBERT P JR",5186,0,0,30.19,0.00,0.00, ,PERRY,1,0,U.S. Senate
1,3,2018,PERRY,REP,"BARLETTA, LOUIS J. ",11607,0,0,67.57,0.00,0.00, ,PERRY,5,0,U.S. Senate
2,,2018,PERRY,GRN,"GALE, NEAL TAYLOR ",136,0,0,0.79,0.00,0.00, ,PERRY,14,0,U.S. Senate
3,,2018,PERRY,LIB,"KERNS, DALE R JR",249,0,0,1.45,0.00,0.00, ,PERRY,17,0,U.S. Senate
0,1,2018,PHILADELPHIA,DEM,"CASEY, ROBERT P JR",481467,0,0,86.83,0.00,0.00, ,PHILADELPHIA,1,0,U.S. Senate
1,3,2018,PHILADELPHIA,REP,"BARLETTA, LOUIS J. ",66653,0,0,12.02,0.00,0.00, ,PHILADELPHIA,5,0,U.S. Senate
2,,2018,PHILADELPHIA,GRN,"GALE, NEAL TAYLOR ",3582,0,0,0.65,0.00,0.00, ,PHILADELPHIA,14,0,U.S. Senate
3,,2018,PHILADELPHIA,LIB,"KERNS, DALE R JR",2805,0,0,0.51,0.00,0.00, ,PHILADELPHIA,17,0,U.S. Senate
0,1,2018,PIKE,DEM,"CASEY, ROBERT P JR",8696,0,0,41.82,0.00,0.00, ,PIKE,1,0,U.S. Senate
1,3,2018,PIKE,REP,"BARLETTA, LOUIS J. ",11772,0,0,56.61,0.00,0.00, ,PIKE,5,0,U.S. Senate
2,,2018,PIKE,GRN,"GALE, NEAL TAYLOR ",151,0,0,0.73,0.00,0.00, ,PIKE,14,0,U.S. Senate
3,,2018,PIKE,LIB,"KERNS, DALE R JR",175,0,0,0.84,0.00,0.00, ,PIKE,17,0,U.S. Senate
0,1,2018,POTTER,DEM,"CASEY, ROBERT P JR",1537,0,0,24.78,0.00,0.00, ,POTTER,1,0,U.S. Senate
1,3,2018,POTTER,REP,"BARLETTA, LOUIS J. ",4564,0,0,73.59,0.00,0.00, ,POTTER,5,0,U.S. Senate
2,,2018,POTTER,GRN,"GALE, NEAL TAYLOR ",38,0,0,0.61,0.00,0.00, ,POTTER,14,0,U.S. Senate
3,,2018,POTTER,LIB,"KERNS, DALE R JR",63,0,0,1.02,0.00,0.00, ,POTTER,17,0,U.S. Senate
0,1,2018,SCHUYLKILL,DEM,"CASEY, ROBERT P JR",17691,0,0,36.22,0.00,0.00, ,SCHUYLKILL,1,0,U.S. Senate
1,3,2018,SCHUYLKILL,REP,"BARLETTA, LOUIS J. ",30452,0,0,62.35,0.00,0.00, ,SCHUYLKILL,5,0,U.S. Senate
2,,2018,SCHUYLKILL,GRN,"GALE, NEAL TAYLOR ",278,0,0,0.57,0.00,0.00, ,SCHUYLKILL,14,0,U.S. Senate
3,,2018,SCHUYLKILL,LIB,"KERNS, DALE R JR",421,0,0,0.86,0.00,0.00, ,SCHUYLKILL,17,0,U.S. Senate
0,1,2018,SNYDER,DEM,"CASEY, ROBERT P JR",4322,0,0,32.27,0.00,0.00, ,SNYDER,1,0,U.S. Senate
1,3,2018,SNYDER,REP,"BARLETTA, LOUIS J. ",8826,0,0,65.90,0.00,0.00, ,SNYDER,5,0,U.S. Senate
2,,2018,SNYDER,GRN,"GALE, NEAL TAYLOR ",87,0,0,0.65,0.00,0.00, ,SNYDER,14,0,U.S. Senate
3,,2018,SNYDER,LIB,"KERNS, DALE R JR",158,0,0,1.18,0.00,0.00, ,SNYDER,17,0,U.S. Senate
0,1,2018,SOMERSET,DEM,"CASEY, ROBERT P JR",9322,0,0,32.55,0.00,0.00, ,SOMERSET,1,0,U.S. Senate
1,3,2018,SOMERSET,REP,"BARLETTA, LOUIS J. ",18896,0,0,65.98,0.00,0.00, ,SOMERSET,5,0,U.S. Senate
2,,2018,SOMERSET,GRN,"GALE, NEAL TAYLOR ",129,0,0,0.45,0.00,0.00, ,SOMERSET,14,0,U.S. Senate
3,,2018,SOMERSET,LIB,"KERNS, DALE R JR",290,0,0,1.01,0.00,0.00, ,SOMERSET,17,0,U.S. Senate
0,1,2018,SULLIVAN,DEM,"CASEY, ROBERT P JR",962,0,0,35.24,0.00,0.00, ,SULLIVAN,1,0,U.S. Senate
1,3,2018,SULLIVAN,REP,"BARLETTA, LOUIS J. ",1720,0,0,63.00,0.00,0.00, ,SULLIVAN,5,0,U.S. Senate
2,,2018,SULLIVAN,GRN,"GALE, NEAL TAYLOR ",11,0,0,0.40,0.00,0.00, ,SULLIVAN,14,0,U.S. Senate
3,,2018,SULLIVAN,LIB,"KERNS, DALE R JR",37,0,0,1.36,0.00,0.00, ,SULLIVAN,17,0,U.S. Senate
0,1,2018,SUSQUEHANNA,DEM,"CASEY, ROBERT P JR",5521,0,0,34.69,0.00,0.00, ,SUSQUEHANNA,1,0,U.S. Senate
1,3,2018,SUSQUEHANNA,REP,"BARLETTA, LOUIS J. ",10112,0,0,63.53,0.00,0.00, ,SUSQUEHANNA,5,0,U.S. Senate
2,,2018,SUSQUEHANNA,GRN,"GALE, NEAL TAYLOR ",120,0,0,0.75,0.00,0.00, ,SUSQUEHANNA,14,0,U.S. Senate
3,,2018,SUSQUEHANNA,LIB,"KERNS, DALE R JR",163,0,0,1.02,0.00,0.00, ,SUSQUEHANNA,17,0,U.S. Senate
0,1,2018,TIOGA,DEM,"CASEY, ROBERT P JR",4145,0,0,28.19,0.00,0.00, ,TIOGA,1,0,U.S. Senate
1,3,2018,TIOGA,REP,"BARLETTA, LOUIS J. ",10242,0,0,69.65,0.00,0.00, ,TIOGA,5,0,U.S. Senate
2,,2018,TIOGA,GRN,"GALE, NEAL TAYLOR ",123,0,0,0.84,0.00,0.00, ,TIOGA,14,0,U.S. Senate
3,,2018,TIOGA,LIB,"KERNS, DALE R JR",194,0,0,1.32,0.00,0.00, ,TIOGA,17,0,U.S. Senate
0,1,2018,UNION,DEM,"CASEY, ROBERT P JR",5901,0,0,40.86,0.00,0.00, ,UNION,1,0,U.S. Senate
1,3,2018,UNION,REP,"BARLETTA, LOUIS J. ",8317,0,0,57.59,0.00,0.00, ,UNION,5,0,U.S. Senate
2,,2018,UNION,GRN,"GALE, NEAL TAYLOR ",79,0,0,0.55,0.00,0.00, ,UNION,14,0,U.S. Senate
3,,2018,UNION,LIB,"KERNS, DALE R JR",144,0,0,1.00,0.00,0.00, ,UNION,17,0,U.S. Senate
0,1,2018,VENANGO,DEM,"CASEY, ROBERT P JR",6945,0,0,37.52,0.00,0.00, ,VENANGO,1,0,U.S. Senate
1,3,2018,VENANGO,REP,"BARLETTA, LOUIS J. ",11210,0,0,60.56,0.00,0.00, ,VENANGO,5,0,U.S. Senate
2,,2018,VENANGO,GRN,"GALE, NEAL TAYLOR ",122,0,0,0.66,0.00,0.00, ,VENANGO,14,0,U.S. Senate
3,,2018,VENANGO,LIB,"KERNS, DALE R JR",235,0,0,1.27,0.00,0.00, ,VENANGO,17,0,U.S. Senate
0,1,2018,WARREN,DEM,"CASEY, ROBERT P JR",5390,0,0,37.51,0.00,0.00, ,WARREN,1,0,U.S. Senate
1,3,2018,WARREN,REP,"BARLETTA, LOUIS J. ",8734,0,0,60.78,0.00,0.00, ,WARREN,5,0,U.S. Senate
2,,2018,WARREN,GRN,"GALE, NEAL TAYLOR ",92,0,0,0.64,0.00,0.00, ,WARREN,14,0,U.S. Senate
3,,2018,WARREN,LIB,"KERNS, DALE R JR",153,0,0,1.06,0.00,0.00, ,WARREN,17,0,U.S. Senate
0,1,2018,WASHINGTON,DEM,"CASEY, ROBERT P JR",39220,0,0,47.54,0.00,0.00, ,WASHINGTON,1,0,U.S. Senate
1,3,2018,WASHINGTON,REP,"BARLETTA, LOUIS J. ",41958,0,0,50.86,0.00,0.00, ,WASHINGTON,5,0,U.S. Senate
2,,2018,WASHINGTON,GRN,"GALE, NEAL TAYLOR ",379,0,0,0.46,0.00,0.00, ,WASHINGTON,14,0,U.S. Senate
3,,2018,WASHINGTON,LIB,"KERNS, DALE R JR",939,0,0,1.14,0.00,0.00, ,WASHINGTON,17,0,U.S. Senate
0,1,2018,WAYNE,DEM,"CASEY, ROBERT P JR",7625,0,0,37.82,0.00,0.00, ,WAYNE,1,0,U.S. Senate
1,3,2018,WAYNE,REP,"BARLETTA, LOUIS J. ",12269,0,0,60.85,0.00,0.00, ,WAYNE,5,0,U.S. Senate
2,,2018,WAYNE,GRN,"GALE, NEAL TAYLOR ",119,0,0,0.59,0.00,0.00, ,WAYNE,14,0,U.S. Senate
3,,2018,WAYNE,LIB,"KERNS, DALE R JR",149,0,0,0.74,0.00,0.00, ,WAYNE,17,0,U.S. Senate
0,1,2018,WESTMORELAND,DEM,"CASEY, ROBERT P JR",63778,0,0,43.91,0.00,0.00, ,WESTMORELAND,1,0,U.S. Senate
1,3,2018,WESTMORELAND,REP,"BARLETTA, LOUIS J. ",79078,0,0,54.44,0.00,0.00, ,WESTMORELAND,5,0,U.S. Senate
2,,2018,WESTMORELAND,GRN,"GALE, NEAL TAYLOR ",704,0,0,0.48,0.00,0.00, ,WESTMORELAND,14,0,U.S. Senate
3,,2018,WESTMORELAND,LIB,"KERNS, DALE R JR",1698,0,0,1.17,0.00,0.00, ,WESTMORELAND,17,0,U.S. Senate
0,1,2018,WYOMING,DEM,"CASEY, ROBERT P JR",3868,0,0,36.39,0.00,0.00, ,WYOMING,1,0,U.S. Senate
1,3,2018,WYOMING,REP,"BARLETTA, LOUIS J. ",6582,0,0,61.93,0.00,0.00, ,WYOMING,5,0,U.S. Senate
2,,2018,WYOMING,GRN,"GALE, NEAL TAYLOR ",86,0,0,0.81,0.00,0.00, ,WYOMING,14,0,U.S. Senate
3,,2018,WYOMING,LIB,"KERNS, DALE R JR",92,0,0,0.87,0.00,0.00, ,WYOMING,17,0,U.S. Senate
0,1,2018,YORK,DEM,"CASEY, ROBERT P JR",69272,0,0,41.03,0.00,0.00, ,YORK,1,0,U.S. Senate
1,3,2018,YORK,REP,"BARLETTA, LOUIS J. ",95814,0,0,56.76,0.00,0.00, ,YORK,5,0,U.S. Senate
2,,2018,YORK,GRN,"GALE, NEAL TAYLOR ",1291,0,0,0.76,0.00,0.00, ,YORK,14,0,U.S. Senate
3,,2018,YORK,LIB,"KERNS, DALE R JR",2435,0,0,1.44,0.00,0.00, ,YORK,17,0,U.S. Senate
