candidate,votes
RUN DATE:11/16/18,
RUN TIME:10:51 AM,
,
0001 Brisbin Borough,
,VOTES
REGISTERED VOTERS - TOTAL .  .  .  .  .  .,239
BALLOTS CAST - TOTAL.  .  .  .  .  .  .  .,143
VOTER TURNOUT - TOTAL  .  .  .  .  .  .  .,
,
,
Straight Party,
VOTE FOR  1,
Democratic (DEM) .  .  .  .  .  .  .  .  .,12
Republican (REP) .  .  .  .  .  .  .  .  .,64
Green (GR) .  .  .  .  .  .  .  .  .  .  .,0
Libertarian (LIB).  .  .  .  .  .  .  .  .,0
,
,
United States Senator,
VOTE FOR  1,
BOB CASEY JR (DEM)  .  .  .  .  .  .  .  .,52
LOU BARLETTA (REP)  .  .  .  .  .  .  .  .,88
NEAL GALE (GR).  .  .  .  .  .  .  .  .  .,2
DALE R KERNS JR (LIB)  .  .  .  .  .  .  .,0
WRITE-IN.  .  .  .  .  .  .  .  .  .  .  .,0
,
,
Governor and Lieutenant Governor,
VOTE FOR  1,
TOM WOLF (DEM).  .  .  .  .  .  .  .  .  .,41
SCOTT R WAGNER (REP).  .  .  .  .  .  .  .,99
PAUL GLOVER (GR) .  .  .  .  .  .  .  .  .,0
KEN V KRAWCHUK (LIB).  .  .  .  .  .  .  .,1
WRITE-IN.  .  .  .  .  .  .  .  .  .  .  .,1
,
,
Representative in Congress 15TH DISTRICT,
VOTE FOR  1,
SUSAN BOSER (DEM).  .  .  .  .  .  .  .  .,28
GLENN GT THOMPSON (REP).  .  .  .  .  .  .,114
WRITE-IN.  .  .  .  .  .  .  .  .  .  .  .,0
,
,
Representative in the General Assembly 73RD,DISTRI
VOTE FOR  1,
TOMMY SANKEY (REP/DEM) .  .  .  .  .  .  .,138
WRITE-IN.  .  .  .  .  .  .  .  .  .  .  .,1
,
PRECINCT REPORT       UNOFFICIAL RESULTS,
RUN DATE:11/16/18,
RUN TIME:10:51 AM,
,
0002 Burnside Borough,
,VOTES
REGISTERED VOTERS - TOTAL .  .  .  .  .  .,110
BALLOTS CAST - TOTAL.  .  .  .  .  .  .  .,53
VOTER TURNOUT - TOTAL  .  .  .  .  .  .  .,
,
,
Straight Party,
VOTE FOR  1,
Democratic (DEM) .  .  .  .  .  .  .  .  .,13
Republican (REP) .  .  .  .  .  .  .  .  .,23
Green (GR) .  .  .  .  .  .  .  .  .  .  .,0
Libertarian (LIB).  .  .  .  .  .  .  .  .,0
,
,
United States Senator,
VOTE FOR  1,
BOB CASEY JR (DEM)  .  .  .  .  .  .  .  .,21
LOU BARLETTA (REP)  .  .  .  .  .  .  .  .,31
NEAL GALE (GR).  .  .  .  .  .  .  .  .  .,0
DALE R KERNS JR (LIB)  .  .  .  .  .  .  .,1
WRITE-IN.  .  .  .  .  .  .  .  .  .  .  .,0
,
,
Governor and Lieutenant Governor,
VOTE FOR  1,
TOM WOLF (DEM).  .  .  .  .  .  .  .  .  .,18
SCOTT R WAGNER (REP).  .  .  .  .  .  .  .,33
PAUL GLOVER (GR) .  .  .  .  .  .  .  .  .,1
KEN V KRAWCHUK (LIB).  .  .  .  .  .  .  .,1
WRITE-IN.  .  .  .  .  .  .  .  .  .  .  .,0
,
,
Representative in Congress 15TH DISTRICT,
VOTE FOR  1,
SUSAN BOSER (DEM).  .  .  .  .  .  .  .  .,19
GLENN GT THOMPSON (REP).  .  .  .  .  .  .,33
WRITE-IN.  .  .  .  .  .  .  .  .  .  .  .,0
,
,
Representative in the General Assembly 73RD,DISTRI
VOTE FOR  1,
TOMMY SANKEY (REP/DEM) .  .  .  .  .  .  .,53
WRITE-IN.  .  .  .  .  .  .  .  .  .  .  .,0
,
PRECINCT REPORT       UNOFFICIAL RESULTS,
RUN DATE:11/16/18,
RUN TIME:10:51 AM,
,
0003 Chester Hill Borough,
,VOTES
REGISTERED VOTERS - TOTAL .  .  .  .  .  .,0
BALLOTS CAST - TOTAL.  .  .  .  .  .  .  .,256
,
,
Straight Party,
VOTE FOR  1,
Democratic (DEM) .  .  .  .  .  .  .  .  .,53
Republican (REP) .  .  .  .  .  .  .  .  .,90
Green (GR) .  .  .  .  .  .  .  .  .  .  .,0
Libertarian (LIB).  .  .  .  .  .  .  .  .,0
,
,
United States Senator,
VOTE FOR  1,
BOB CASEY JR (DEM)  .  .  .  .  .  .  .  .,111
LOU BARLETTA (REP)  .  .  .  .  .  .  .  .,141
NEAL GALE (GR).  .  .  .  .  .  .  .  .  .,1
DALE R KERNS JR (LIB)  .  .  .  .  .  .  .,2
WRITE-IN.  .  .  .  .  .  .  .  .  .  .  .,0
,
,
Governor and Lieutenant Governor,
VOTE FOR  1,
TOM WOLF (DEM).  .  .  .  .  .  .  .  .  .,116
SCOTT R WAGNER (REP).  .  .  .  .  .  .  .,136
PAUL GLOVER (GR) .  .  .  .  .  .  .  .  .,1
KEN V KRAWCHUK (LIB).  .  .  .  .  .  .  .,3
WRITE-IN.  .  .  .  .  .  .  .  .  .  .  .,0
,
,
Representative in Congress 15TH DISTRICT,
VOTE FOR  1,
SUSAN BOSER (DEM).  .  .  .  .  .  .  .  .,84
GLENN GT THOMPSON (REP).  .  .  .  .  .  .,172
WRITE-IN.  .  .  .  .  .  .  .  .  .  .  .,0
,
,
Representative in the General Assembly 73RD,DISTRI
VOTE FOR  1,
TOMMY SANKEY (REP/DEM) .  .  .  .  .  .  .,252
WRITE-IN.  .  .  .  .  .  .  .  .  .  .  .,1
,
PRECINCT REPORT       UNOFFICIAL RESULTS,
RUN DATE:11/16/18,
RUN TIME:10:51 AM,
,
0004 Clearfield 1st Ward,
,VOTES
REGISTERED VOTERS - TOTAL .  .  .  .  .  .,929
BALLOTS CAST - TOTAL.  .  .  .  .  .  .  .,548
VOTER TURNOUT - TOTAL  .  .  .  .  .  .  .,
,
,
Straight Party,
VOTE FOR  1,
Democratic (DEM) .  .  .  .  .  .  .  .  .,93
Republican (REP) .  .  .  .  .  .  .  .  .,163
Green (GR) .  .  .  .  .  .  .  .  .  .  .,3
Libertarian (LIB).  .  .  .  .  .  .  .  .,3
,
,
United States Senator,
VOTE FOR  1,
BOB CASEY JR (DEM)  .  .  .  .  .  .  .  .,248
LOU BARLETTA (REP)  .  .  .  .  .  .  .  .,275
NEAL GALE (GR).  .  .  .  .  .  .  .  .  .,5
DALE R KERNS JR (LIB)  .  .  .  .  .  .  .,14
WRITE-IN.  .  .  .  .  .  .  .  .  .  .  .,1
,
,
Governor and Lieutenant Governor,
VOTE FOR  1,
TOM WOLF (DEM).  .  .  .  .  .  .  .  .  .,250
SCOTT R WAGNER (REP).  .  .  .  .  .  .  .,270
PAUL GLOVER (GR) .  .  .  .  .  .  .  .  .,5
KEN V KRAWCHUK (LIB).  .  .  .  .  .  .  .,17
WRITE-IN.  .  .  .  .  .  .  .  .  .  .  .,2
,
,
Representative in Congress 15TH DISTRICT,
VOTE FOR  1,
SUSAN BOSER (DEM).  .  .  .  .  .  .  .  .,201
GLENN GT THOMPSON (REP).  .  .  .  .  .  .,343
WRITE-IN.  .  .  .  .  .  .  .  .  .  .  .,1
,
,
Representative in the General Assembly 73RD,DISTRI
VOTE FOR  1,
TOMMY SANKEY (REP/DEM) .  .  .  .  .  .  .,512
WRITE-IN.  .  .  .  .  .  .  .  .  .  .  .,12
,
PRECINCT REPORT       UNOFFICIAL RESULTS,
RUN DATE:11/16/18,
RUN TIME:10:51 AM,
,
0005 Clearfield 2nd Ward,
,VOTES
REGISTERED VOTERS - TOTAL .  .  .  .  .  .,1065
BALLOTS CAST - TOTAL.  .  .  .  .  .  .  .,631
VOTER TURNOUT - TOTAL  .  .  .  .  .  .  .,
,
,
Straight Party,
VOTE FOR  1,
Democratic (DEM) .  .  .  .  .  .  .  .  .,129
Republican (REP) .  .  .  .  .  .  .  .  .,206
Green (GR) .  .  .  .  .  .  .  .  .  .  .,0
Libertarian (LIB).  .  .  .  .  .  .  .  .,4
,
,
United States Senator,
VOTE FOR  1,
BOB CASEY JR (DEM)  .  .  .  .  .  .  .  .,284
LOU BARLETTA (REP)  .  .  .  .  .  .  .  .,328
NEAL GALE (GR).  .  .  .  .  .  .  .  .  .,3
DALE R KERNS JR (LIB)  .  .  .  .  .  .  .,7
WRITE-IN.  .  .  .  .  .  .  .  .  .  .  .,0
,
,
Governor and Lieutenant Governor,
VOTE FOR  1,
TOM WOLF (DEM).  .  .  .  .  .  .  .  .  .,274
SCOTT R WAGNER (REP).  .  .  .  .  .  .  .,346
PAUL GLOVER (GR) .  .  .  .  .  .  .  .  .,1
KEN V KRAWCHUK (LIB).  .  .  .  .  .  .  .,5
WRITE-IN.  .  .  .  .  .  .  .  .  .  .  .,0
,
,
Representative in Congress 15TH DISTRICT,
VOTE FOR  1,
SUSAN BOSER (DEM).  .  .  .  .  .  .  .  .,213
GLENN GT THOMPSON (REP).  .  .  .  .  .  .,410
WRITE-IN.  .  .  .  .  .  .  .  .  .  .  .,0
,
,
Representative in the General Assembly 73RD,DISTRI
VOTE FOR  1,
TOMMY SANKEY (REP/DEM) .  .  .  .  .  .  .,591
WRITE-IN.  .  .  .  .  .  .  .  .  .  .  .,15
,
PRECINCT REPORT       UNOFFICIAL RESULTS,
RUN DATE:11/16/18,
RUN TIME:10:51 AM,
,
0006 Clearfield 3rd Ward,
,VOTES
REGISTERED VOTERS - TOTAL .  .  .  .  .  .,791
BALLOTS CAST - TOTAL.  .  .  .  .  .  .  .,469
VOTER TURNOUT - TOTAL  .  .  .  .  .  .  .,
,
,
Straight Party,
VOTE FOR  1,
Democratic (DEM) .  .  .  .  .  .  .  .  .,126
Republican (REP) .  .  .  .  .  .  .  .  .,135
Green (GR) .  .  .  .  .  .  .  .  .  .  .,1
Libertarian (LIB).  .  .  .  .  .  .  .  .,0
,
,
United States Senator,
VOTE FOR  1,
BOB CASEY JR (DEM)  .  .  .  .  .  .  .  .,232
LOU BARLETTA (REP)  .  .  .  .  .  .  .  .,224
NEAL GALE (GR).  .  .  .  .  .  .  .  .  .,4
DALE R KERNS JR (LIB)  .  .  .  .  .  .  .,4
WRITE-IN.  .  .  .  .  .  .  .  .  .  .  .,0
,
,
Governor and Lieutenant Governor,
VOTE FOR  1,
TOM WOLF (DEM).  .  .  .  .  .  .  .  .  .,233
SCOTT R WAGNER (REP).  .  .  .  .  .  .  .,225
PAUL GLOVER (GR) .  .  .  .  .  .  .  .  .,2
KEN V KRAWCHUK (LIB).  .  .  .  .  .  .  .,6
WRITE-IN.  .  .  .  .  .  .  .  .  .  .  .,0
,
,
Representative in Congress 15TH DISTRICT,
VOTE FOR  1,
SUSAN BOSER (DEM).  .  .  .  .  .  .  .  .,178
GLENN GT THOMPSON (REP).  .  .  .  .  .  .,288
WRITE-IN.  .  .  .  .  .  .  .  .  .  .  .,0
,
,
Representative in the General Assembly 73RD,DISTRI
VOTE FOR  1,
TOMMY SANKEY (REP/DEM) .  .  .  .  .  .  .,443
WRITE-IN.  .  .  .  .  .  .  .  .  .  .  .,8
,
PRECINCT REPORT       UNOFFICIAL RESULTS,
RUN DATE:11/16/18,
RUN TIME:10:51 AM,
,
0007 Clearfield 4th Ward,
,VOTES
REGISTERED VOTERS - TOTAL .  .  .  .  .  .,853
BALLOTS CAST - TOTAL.  .  .  .  .  .  .  .,348
VOTER TURNOUT - TOTAL  .  .  .  .  .  .  .,
,
,
Straight Party,
VOTE FOR  1,
Democratic (DEM) .  .  .  .  .  .  .  .  .,81
Republican (REP) .  .  .  .  .  .  .  .  .,116
Green (GR) .  .  .  .  .  .  .  .  .  .  .,0
Libertarian (LIB).  .  .  .  .  .  .  .  .,4
,
,
United States Senator,
VOTE FOR  1,
BOB CASEY JR (DEM)  .  .  .  .  .  .  .  .,161
LOU BARLETTA (REP)  .  .  .  .  .  .  .  .,174
NEAL GALE (GR).  .  .  .  .  .  .  .  .  .,0
DALE R KERNS JR (LIB)  .  .  .  .  .  .  .,8
WRITE-IN.  .  .  .  .  .  .  .  .  .  .  .,0
,
,
Governor and Lieutenant Governor,
VOTE FOR  1,
TOM WOLF (DEM).  .  .  .  .  .  .  .  .  .,156
SCOTT R WAGNER (REP).  .  .  .  .  .  .  .,184
PAUL GLOVER (GR) .  .  .  .  .  .  .  .  .,2
KEN V KRAWCHUK (LIB).  .  .  .  .  .  .  .,4
WRITE-IN.  .  .  .  .  .  .  .  .  .  .  .,0
,
,
Representative in Congress 15TH DISTRICT,
VOTE FOR  1,
SUSAN BOSER (DEM).  .  .  .  .  .  .  .  .,131
GLENN GT THOMPSON (REP).  .  .  .  .  .  .,214
WRITE-IN.  .  .  .  .  .  .  .  .  .  .  .,0
,
,
Representative in the General Assembly 73RD,DISTRI
VOTE FOR  1,
TOMMY SANKEY (REP/DEM) .  .  .  .  .  .  .,330
WRITE-IN.  .  .  .  .  .  .  .  .  .  .  .,2
,
PRECINCT REPORT       UNOFFICIAL RESULTS,
RUN DATE:11/16/18,
RUN TIME:10:51 AM,
,
0008 Coalport Borough,
,VOTES
REGISTERED VOTERS - TOTAL .  .  .  .  .  .,267
BALLOTS CAST - TOTAL.  .  .  .  .  .  .  .,147
VOTER TURNOUT - TOTAL  .  .  .  .  .  .  .,
,
,
Straight Party,
VOTE FOR  1,
Democratic (DEM) .  .  .  .  .  .  .  .  .,30
Republican (REP) .  .  .  .  .  .  .  .  .,67
Green (GR) .  .  .  .  .  .  .  .  .  .  .,0
Libertarian (LIB).  .  .  .  .  .  .  .  .,0
,
,
United States Senator,
VOTE FOR  1,
BOB CASEY JR (DEM)  .  .  .  .  .  .  .  .,49
LOU BARLETTA (REP)  .  .  .  .  .  .  .  .,91
NEAL GALE (GR).  .  .  .  .  .  .  .  .  .,1
DALE R KERNS JR (LIB)  .  .  .  .  .  .  .,4
WRITE-IN.  .  .  .  .  .  .  .  .  .  .  .,0
,
,
Governor and Lieutenant Governor,
VOTE FOR  1,
TOM WOLF (DEM).  .  .  .  .  .  .  .  .  .,39
SCOTT R WAGNER (REP).  .  .  .  .  .  .  .,102
PAUL GLOVER (GR) .  .  .  .  .  .  .  .  .,1
KEN V KRAWCHUK (LIB).  .  .  .  .  .  .  .,3
WRITE-IN.  .  .  .  .  .  .  .  .  .  .  .,0
,
,
Representative in Congress 15TH DISTRICT,
VOTE FOR  1,
SUSAN BOSER (DEM).  .  .  .  .  .  .  .  .,38
GLENN GT THOMPSON (REP).  .  .  .  .  .  .,107
WRITE-IN.  .  .  .  .  .  .  .  .  .  .  .,0
,
,
Representative in the General Assembly 73RD,DISTRI
VOTE FOR  1,
TOMMY SANKEY (REP/DEM) .  .  .  .  .  .  .,137
WRITE-IN.  .  .  .  .  .  .  .  .  .  .  .,3
,
PRECINCT REPORT       UNOFFICIAL RESULTS,
RUN DATE:11/16/18,
RUN TIME:10:51 AM,
,
0009 Curwensville Borough,
,VOTES
REGISTERED VOTERS - TOTAL .  .  .  .  .  .,1392
BALLOTS CAST - TOTAL.  .  .  .  .  .  .  .,744
VOTER TURNOUT - TOTAL  .  .  .  .  .  .  .,
,
,
Straight Party,
VOTE FOR  1,
Democratic (DEM) .  .  .  .  .  .  .  .  .,170
Republican (REP) .  .  .  .  .  .  .  .  .,242
Green (GR) .  .  .  .  .  .  .  .  .  .  .,0
Libertarian (LIB).  .  .  .  .  .  .  .  .,1
,
,
United States Senator,
VOTE FOR  1,
BOB CASEY JR (DEM)  .  .  .  .  .  .  .  .,356
LOU BARLETTA (REP)  .  .  .  .  .  .  .  .,373
NEAL GALE (GR).  .  .  .  .  .  .  .  .  .,4
DALE R KERNS JR (LIB)  .  .  .  .  .  .  .,5
WRITE-IN.  .  .  .  .  .  .  .  .  .  .  .,2
,
,
Governor and Lieutenant Governor,
VOTE FOR  1,
TOM WOLF (DEM).  .  .  .  .  .  .  .  .  .,337
SCOTT R WAGNER (REP).  .  .  .  .  .  .  .,393
PAUL GLOVER (GR) .  .  .  .  .  .  .  .  .,5
KEN V KRAWCHUK (LIB).  .  .  .  .  .  .  .,7
WRITE-IN.  .  .  .  .  .  .  .  .  .  .  .,0
,
,
Representative in Congress 15TH DISTRICT,
VOTE FOR  1,
SUSAN BOSER (DEM).  .  .  .  .  .  .  .  .,276
GLENN GT THOMPSON (REP).  .  .  .  .  .  .,465
WRITE-IN.  .  .  .  .  .  .  .  .  .  .  .,1
,
,
Representative in the General Assembly 73RD,DISTRI
VOTE FOR  1,
TOMMY SANKEY (REP/DEM) .  .  .  .  .  .  .,694
WRITE-IN.  .  .  .  .  .  .  .  .  .  .  .,15
,
PRECINCT REPORT       UNOFFICIAL RESULTS,
RUN DATE:11/16/18,
RUN TIME:10:51 AM,
,
0010 DuBois City 1st Ward,
,VOTES
REGISTERED VOTERS - TOTAL .  .  .  .  .  .,740
BALLOTS CAST - TOTAL.  .  .  .  .  .  .  .,346
VOTER TURNOUT - TOTAL  .  .  .  .  .  .  .,
,
,
Straight Party,
VOTE FOR  1,
Democratic (DEM) .  .  .  .  .  .  .  .  .,68
Republican (REP) .  .  .  .  .  .  .  .  .,124
Green (GR) .  .  .  .  .  .  .  .  .  .  .,0
Libertarian (LIB).  .  .  .  .  .  .  .  .,0
,
,
United States Senator,
VOTE FOR  1,
BOB CASEY JR (DEM)  .  .  .  .  .  .  .  .,138
LOU BARLETTA (REP)  .  .  .  .  .  .  .  .,198
NEAL GALE (GR).  .  .  .  .  .  .  .  .  .,2
DALE R KERNS JR (LIB)  .  .  .  .  .  .  .,7
WRITE-IN.  .  .  .  .  .  .  .  .  .  .  .,0
,
,
Governor and Lieutenant Governor,
VOTE FOR  1,
TOM WOLF (DEM).  .  .  .  .  .  .  .  .  .,140
SCOTT R WAGNER (REP).  .  .  .  .  .  .  .,198
PAUL GLOVER (GR) .  .  .  .  .  .  .  .  .,1
KEN V KRAWCHUK (LIB).  .  .  .  .  .  .  .,5
WRITE-IN.  .  .  .  .  .  .  .  .  .  .  .,0
,
,
Representative in Congress 15TH DISTRICT,
VOTE FOR  1,
SUSAN BOSER (DEM).  .  .  .  .  .  .  .  .,126
GLENN GT THOMPSON (REP).  .  .  .  .  .  .,219
WRITE-IN.  .  .  .  .  .  .  .  .  .  .  .,0
,
,
Representative in the General Assembly 75TH,DISTRI
VOTE FOR  1,
MATT GABLER (REP/DEM)  .  .  .  .  .  .  .,327
WRITE-IN.  .  .  .  .  .  .  .  .  .  .  .,6
,
PRECINCT REPORT       UNOFFICIAL RESULTS,
RUN DATE:11/16/18,
RUN TIME:10:51 AM,
,
0011 DuBois City 2nd Ward,
,VOTES
REGISTERED VOTERS - TOTAL .  .  .  .  .  .,1332
BALLOTS CAST - TOTAL.  .  .  .  .  .  .  .,590
VOTER TURNOUT - TOTAL  .  .  .  .  .  .  .,
,
,
Straight Party,
VOTE FOR  1,
Democratic (DEM) .  .  .  .  .  .  .  .  .,89
Republican (REP) .  .  .  .  .  .  .  .  .,209
Green (GR) .  .  .  .  .  .  .  .  .  .  .,3
Libertarian (LIB).  .  .  .  .  .  .  .  .,0
,
,
United States Senator,
VOTE FOR  1,
BOB CASEY JR (DEM)  .  .  .  .  .  .  .  .,231
LOU BARLETTA (REP)  .  .  .  .  .  .  .  .,341
NEAL GALE (GR).  .  .  .  .  .  .  .  .  .,5
DALE R KERNS JR (LIB)  .  .  .  .  .  .  .,8
WRITE-IN.  .  .  .  .  .  .  .  .  .  .  .,0
,
,
Governor and Lieutenant Governor,
VOTE FOR  1,
TOM WOLF (DEM).  .  .  .  .  .  .  .  .  .,225
SCOTT R WAGNER (REP).  .  .  .  .  .  .  .,344
PAUL GLOVER (GR) .  .  .  .  .  .  .  .  .,8
KEN V KRAWCHUK (LIB).  .  .  .  .  .  .  .,6
WRITE-IN.  .  .  .  .  .  .  .  .  .  .  .,0
,
,
Representative in Congress 15TH DISTRICT,
VOTE FOR  1,
SUSAN BOSER (DEM).  .  .  .  .  .  .  .  .,205
GLENN GT THOMPSON (REP).  .  .  .  .  .  .,377
WRITE-IN.  .  .  .  .  .  .  .  .  .  .  .,1
,
,
Representative in the General Assembly 75TH,DISTRI
VOTE FOR  1,
MATT GABLER (REP/DEM)  .  .  .  .  .  .  .,536
WRITE-IN.  .  .  .  .  .  .  .  .  .  .  .,18
,
PRECINCT REPORT       UNOFFICIAL RESULTS,
RUN DATE:11/16/18,
RUN TIME:10:51 AM,
,
0012 DuBois City 3rd Ward,
,VOTES
REGISTERED VOTERS - TOTAL .  .  .  .  .  .,1316
BALLOTS CAST - TOTAL.  .  .  .  .  .  .  .,758
VOTER TURNOUT - TOTAL  .  .  .  .  .  .  .,
,
,
Straight Party,
VOTE FOR  1,
Democratic (DEM) .  .  .  .  .  .  .  .  .,120
Republican (REP) .  .  .  .  .  .  .  .  .,293
Green (GR) .  .  .  .  .  .  .  .  .  .  .,1
Libertarian (LIB).  .  .  .  .  .  .  .  .,1
,
,
United States Senator,
VOTE FOR  1,
BOB CASEY JR (DEM)  .  .  .  .  .  .  .  .,298
LOU BARLETTA (REP)  .  .  .  .  .  .  .  .,436
NEAL GALE (GR).  .  .  .  .  .  .  .  .  .,4
DALE R KERNS JR (LIB)  .  .  .  .  .  .  .,12
WRITE-IN.  .  .  .  .  .  .  .  .  .  .  .,1
,
,
Governor and Lieutenant Governor,
VOTE FOR  1,
TOM WOLF (DEM).  .  .  .  .  .  .  .  .  .,307
SCOTT R WAGNER (REP).  .  .  .  .  .  .  .,437
PAUL GLOVER (GR) .  .  .  .  .  .  .  .  .,3
KEN V KRAWCHUK (LIB).  .  .  .  .  .  .  .,8
WRITE-IN.  .  .  .  .  .  .  .  .  .  .  .,0
,
,
Representative in Congress 15TH DISTRICT,
VOTE FOR  1,
SUSAN BOSER (DEM).  .  .  .  .  .  .  .  .,239
GLENN GT THOMPSON (REP).  .  .  .  .  .  .,512
WRITE-IN.  .  .  .  .  .  .  .  .  .  .  .,1
,
,
Representative in the General Assembly 75TH,DISTRI
VOTE FOR  1,
MATT GABLER (REP/DEM)  .  .  .  .  .  .  .,715
WRITE-IN.  .  .  .  .  .  .  .  .  .  .  .,14
,
PRECINCT REPORT       UNOFFICIAL RESULTS,
RUN DATE:11/16/18,
RUN TIME:10:51 AM,
,
0013 DuBois City 4th Ward,
,VOTES
REGISTERED VOTERS - TOTAL .  .  .  .  .  .,658
BALLOTS CAST - TOTAL.  .  .  .  .  .  .  .,305
VOTER TURNOUT - TOTAL  .  .  .  .  .  .  .,
,
,
Straight Party,
VOTE FOR  1,
Democratic (DEM) .  .  .  .  .  .  .  .  .,66
Republican (REP) .  .  .  .  .  .  .  .  .,118
Green (GR) .  .  .  .  .  .  .  .  .  .  .,0
Libertarian (LIB).  .  .  .  .  .  .  .  .,3
,
,
United States Senator,
VOTE FOR  1,
BOB CASEY JR (DEM)  .  .  .  .  .  .  .  .,117
LOU BARLETTA (REP)  .  .  .  .  .  .  .  .,182
NEAL GALE (GR).  .  .  .  .  .  .  .  .  .,1
DALE R KERNS JR (LIB)  .  .  .  .  .  .  .,3
WRITE-IN.  .  .  .  .  .  .  .  .  .  .  .,0
,
,
Governor and Lieutenant Governor,
VOTE FOR  1,
TOM WOLF (DEM).  .  .  .  .  .  .  .  .  .,114
SCOTT R WAGNER (REP).  .  .  .  .  .  .  .,184
PAUL GLOVER (GR) .  .  .  .  .  .  .  .  .,3
KEN V KRAWCHUK (LIB).  .  .  .  .  .  .  .,2
WRITE-IN.  .  .  .  .  .  .  .  .  .  .  .,0
,
,
Representative in Congress 15TH DISTRICT,
VOTE FOR  1,
SUSAN BOSER (DEM).  .  .  .  .  .  .  .  .,101
GLENN GT THOMPSON (REP).  .  .  .  .  .  .,199
WRITE-IN.  .  .  .  .  .  .  .  .  .  .  .,1
,
,
Representative in the General Assembly 75TH,DISTRI
VOTE FOR  1,
MATT GABLER (REP/DEM)  .  .  .  .  .  .  .,285
WRITE-IN.  .  .  .  .  .  .  .  .  .  .  .,5
,
PRECINCT REPORT       UNOFFICIAL RESULTS,
RUN DATE:11/16/18,
RUN TIME:10:51 AM,
,
0014 DuBois City 5th Ward,
,VOTES
REGISTERED VOTERS - TOTAL .  .  .  .  .  .,773
BALLOTS CAST - TOTAL.  .  .  .  .  .  .  .,433
VOTER TURNOUT - TOTAL  .  .  .  .  .  .  .,
,
,
Straight Party,
VOTE FOR  1,
Democratic (DEM) .  .  .  .  .  .  .  .  .,79
Republican (REP) .  .  .  .  .  .  .  .  .,131
Green (GR) .  .  .  .  .  .  .  .  .  .  .,2
Libertarian (LIB).  .  .  .  .  .  .  .  .,0
,
,
United States Senator,
VOTE FOR  1,
BOB CASEY JR (DEM)  .  .  .  .  .  .  .  .,182
LOU BARLETTA (REP)  .  .  .  .  .  .  .  .,241
NEAL GALE (GR).  .  .  .  .  .  .  .  .  .,6
DALE R KERNS JR (LIB)  .  .  .  .  .  .  .,1
WRITE-IN.  .  .  .  .  .  .  .  .  .  .  .,1
,
,
Governor and Lieutenant Governor,
VOTE FOR  1,
TOM WOLF (DEM).  .  .  .  .  .  .  .  .  .,187
SCOTT R WAGNER (REP).  .  .  .  .  .  .  .,237
PAUL GLOVER (GR) .  .  .  .  .  .  .  .  .,3
KEN V KRAWCHUK (LIB).  .  .  .  .  .  .  .,3
WRITE-IN.  .  .  .  .  .  .  .  .  .  .  .,2
,
,
Representative in Congress 15TH DISTRICT,
VOTE FOR  1,
SUSAN BOSER (DEM).  .  .  .  .  .  .  .  .,163
GLENN GT THOMPSON (REP).  .  .  .  .  .  .,266
WRITE-IN.  .  .  .  .  .  .  .  .  .  .  .,2
,
,
Representative in the General Assembly 75TH,DISTRI
VOTE FOR  1,
MATT GABLER (REP/DEM)  .  .  .  .  .  .  .,395
WRITE-IN.  .  .  .  .  .  .  .  .  .  .  .,11
,
PRECINCT REPORT       UNOFFICIAL RESULTS,
RUN DATE:11/16/18,
RUN TIME:10:51 AM,
,
0015 Glen Hope Borough,
,VOTES
REGISTERED VOTERS - TOTAL .  .  .  .  .  .,97
BALLOTS CAST - TOTAL.  .  .  .  .  .  .  .,62
VOTER TURNOUT - TOTAL  .  .  .  .  .  .  .,
,
,
Straight Party,
VOTE FOR  1,
Democratic (DEM) .  .  .  .  .  .  .  .  .,7
Republican (REP) .  .  .  .  .  .  .  .  .,39
Green (GR) .  .  .  .  .  .  .  .  .  .  .,0
Libertarian (LIB).  .  .  .  .  .  .  .  .,0
,
,
United States Senator,
VOTE FOR  1,
BOB CASEY JR (DEM)  .  .  .  .  .  .  .  .,15
LOU BARLETTA (REP)  .  .  .  .  .  .  .  .,46
NEAL GALE (GR).  .  .  .  .  .  .  .  .  .,0
DALE R KERNS JR (LIB)  .  .  .  .  .  .  .,0
WRITE-IN.  .  .  .  .  .  .  .  .  .  .  .,0
,
,
Governor and Lieutenant Governor,
VOTE FOR  1,
TOM WOLF (DEM).  .  .  .  .  .  .  .  .  .,14
SCOTT R WAGNER (REP).  .  .  .  .  .  .  .,47
PAUL GLOVER (GR) .  .  .  .  .  .  .  .  .,0
KEN V KRAWCHUK (LIB).  .  .  .  .  .  .  .,0
WRITE-IN.  .  .  .  .  .  .  .  .  .  .  .,0
,
,
Representative in Congress 15TH DISTRICT,
VOTE FOR  1,
SUSAN BOSER (DEM).  .  .  .  .  .  .  .  .,12
GLENN GT THOMPSON (REP).  .  .  .  .  .  .,49
WRITE-IN.  .  .  .  .  .  .  .  .  .  .  .,0
,
,
Representative in the General Assembly 73RD,DISTRI
VOTE FOR  1,
TOMMY SANKEY (REP/DEM) .  .  .  .  .  .  .,61
WRITE-IN.  .  .  .  .  .  .  .  .  .  .  .,0
,
PRECINCT REPORT       UNOFFICIAL RESULTS,
RUN DATE:11/16/18,
RUN TIME:10:51 AM,
,
0016 Grampian Borough,
,VOTES
REGISTERED VOTERS - TOTAL .  .  .  .  .  .,203
BALLOTS CAST - TOTAL.  .  .  .  .  .  .  .,124
VOTER TURNOUT - TOTAL  .  .  .  .  .  .  .,
,
,
Straight Party,
VOTE FOR  1,
Democratic (DEM) .  .  .  .  .  .  .  .  .,19
Republican (REP) .  .  .  .  .  .  .  .  .,49
Green (GR) .  .  .  .  .  .  .  .  .  .  .,0
Libertarian (LIB).  .  .  .  .  .  .  .  .,1
,
,
United States Senator,
VOTE FOR  1,
BOB CASEY JR (DEM)  .  .  .  .  .  .  .  .,45
LOU BARLETTA (REP)  .  .  .  .  .  .  .  .,76
NEAL GALE (GR).  .  .  .  .  .  .  .  .  .,1
DALE R KERNS JR (LIB)  .  .  .  .  .  .  .,2
WRITE-IN.  .  .  .  .  .  .  .  .  .  .  .,0
,
,
Governor and Lieutenant Governor,
VOTE FOR  1,
TOM WOLF (DEM).  .  .  .  .  .  .  .  .  .,47
SCOTT R WAGNER (REP).  .  .  .  .  .  .  .,74
PAUL GLOVER (GR) .  .  .  .  .  .  .  .  .,0
KEN V KRAWCHUK (LIB).  .  .  .  .  .  .  .,3
WRITE-IN.  .  .  .  .  .  .  .  .  .  .  .,0
,
,
Representative in Congress 15TH DISTRICT,
VOTE FOR  1,
SUSAN BOSER (DEM).  .  .  .  .  .  .  .  .,38
GLENN GT THOMPSON (REP).  .  .  .  .  .  .,86
WRITE-IN.  .  .  .  .  .  .  .  .  .  .  .,0
,
,
Representative in the General Assembly 73RD,DISTRI
VOTE FOR  1,
TOMMY SANKEY (REP/DEM) .  .  .  .  .  .  .,120
WRITE-IN.  .  .  .  .  .  .  .  .  .  .  .,2
,
PRECINCT REPORT       UNOFFICIAL RESULTS,
RUN DATE:11/16/18,
RUN TIME:10:51 AM,
,
0017 Houtzdale Borough,
,VOTES
REGISTERED VOTERS - TOTAL .  .  .  .  .  .,521
BALLOTS CAST - TOTAL.  .  .  .  .  .  .  .,294
VOTER TURNOUT - TOTAL  .  .  .  .  .  .  .,
,
,
Straight Party,
VOTE FOR  1,
Democratic (DEM) .  .  .  .  .  .  .  .  .,61
Republican (REP) .  .  .  .  .  .  .  .  .,98
Green (GR) .  .  .  .  .  .  .  .  .  .  .,0
Libertarian (LIB).  .  .  .  .  .  .  .  .,1
,
,
United States Senator,
VOTE FOR  1,
BOB CASEY JR (DEM)  .  .  .  .  .  .  .  .,135
LOU BARLETTA (REP)  .  .  .  .  .  .  .  .,152
NEAL GALE (GR).  .  .  .  .  .  .  .  .  .,4
DALE R KERNS JR (LIB)  .  .  .  .  .  .  .,2
WRITE-IN.  .  .  .  .  .  .  .  .  .  .  .,0
,
,
Governor and Lieutenant Governor,
VOTE FOR  1,
TOM WOLF (DEM).  .  .  .  .  .  .  .  .  .,122
SCOTT R WAGNER (REP).  .  .  .  .  .  .  .,165
PAUL GLOVER (GR) .  .  .  .  .  .  .  .  .,4
KEN V KRAWCHUK (LIB).  .  .  .  .  .  .  .,1
WRITE-IN.  .  .  .  .  .  .  .  .  .  .  .,1
,
,
Representative in Congress 15TH DISTRICT,
VOTE FOR  1,
SUSAN BOSER (DEM).  .  .  .  .  .  .  .  .,105
GLENN GT THOMPSON (REP).  .  .  .  .  .  .,186
WRITE-IN.  .  .  .  .  .  .  .  .  .  .  .,0
,
,
Representative in the General Assembly 73RD,DISTRI
VOTE FOR  1,
TOMMY SANKEY (REP/DEM) .  .  .  .  .  .  .,275
WRITE-IN.  .  .  .  .  .  .  .  .  .  .  .,6
,
PRECINCT REPORT       UNOFFICIAL RESULTS,
RUN DATE:11/16/18,
RUN TIME:10:51 AM,
,
0018 Irvona Borough,
,VOTES
REGISTERED VOTERS - TOTAL .  .  .  .  .  .,326
BALLOTS CAST - TOTAL.  .  .  .  .  .  .  .,183
VOTER TURNOUT - TOTAL  .  .  .  .  .  .  .,
,
,
Straight Party,
VOTE FOR  1,
Democratic (DEM) .  .  .  .  .  .  .  .  .,18
Republican (REP) .  .  .  .  .  .  .  .  .,83
Green (GR) .  .  .  .  .  .  .  .  .  .  .,0
Libertarian (LIB).  .  .  .  .  .  .  .  .,1
,
,
United States Senator,
VOTE FOR  1,
BOB CASEY JR (DEM)  .  .  .  .  .  .  .  .,59
LOU BARLETTA (REP)  .  .  .  .  .  .  .  .,119
NEAL GALE (GR).  .  .  .  .  .  .  .  .  .,0
DALE R KERNS JR (LIB)  .  .  .  .  .  .  .,3
WRITE-IN.  .  .  .  .  .  .  .  .  .  .  .,1
,
,
Governor and Lieutenant Governor,
VOTE FOR  1,
TOM WOLF (DEM).  .  .  .  .  .  .  .  .  .,57
SCOTT R WAGNER (REP).  .  .  .  .  .  .  .,125
PAUL GLOVER (GR) .  .  .  .  .  .  .  .  .,0
KEN V KRAWCHUK (LIB).  .  .  .  .  .  .  .,1
WRITE-IN.  .  .  .  .  .  .  .  .  .  .  .,0
,
,
Representative in Congress 15TH DISTRICT,
VOTE FOR  1,
SUSAN BOSER (DEM).  .  .  .  .  .  .  .  .,36
GLENN GT THOMPSON (REP).  .  .  .  .  .  .,147
WRITE-IN.  .  .  .  .  .  .  .  .  .  .  .,0
,
,
Representative in the General Assembly 73RD,DISTRI
VOTE FOR  1,
TOMMY SANKEY (REP/DEM) .  .  .  .  .  .  .,180
WRITE-IN.  .  .  .  .  .  .  .  .  .  .  .,0
,
PRECINCT REPORT       UNOFFICIAL RESULTS,
RUN DATE:11/16/18,
RUN TIME:10:51 AM,
,
0019 Mahaffey Borough,
,VOTES
REGISTERED VOTERS - TOTAL .  .  .  .  .  .,196
BALLOTS CAST - TOTAL.  .  .  .  .  .  .  .,116
VOTER TURNOUT - TOTAL  .  .  .  .  .  .  .,
,
,
Straight Party,
VOTE FOR  1,
Democratic (DEM) .  .  .  .  .  .  .  .  .,16
Republican (REP) .  .  .  .  .  .  .  .  .,63
Green (GR) .  .  .  .  .  .  .  .  .  .  .,1
Libertarian (LIB).  .  .  .  .  .  .  .  .,0
,
,
United States Senator,
VOTE FOR  1,
BOB CASEY JR (DEM)  .  .  .  .  .  .  .  .,35
LOU BARLETTA (REP)  .  .  .  .  .  .  .  .,80
NEAL GALE (GR).  .  .  .  .  .  .  .  .  .,1
DALE R KERNS JR (LIB)  .  .  .  .  .  .  .,0
WRITE-IN.  .  .  .  .  .  .  .  .  .  .  .,0
,
,
Governor and Lieutenant Governor,
VOTE FOR  1,
TOM WOLF (DEM).  .  .  .  .  .  .  .  .  .,34
SCOTT R WAGNER (REP).  .  .  .  .  .  .  .,82
PAUL GLOVER (GR) .  .  .  .  .  .  .  .  .,0
KEN V KRAWCHUK (LIB).  .  .  .  .  .  .  .,0
WRITE-IN.  .  .  .  .  .  .  .  .  .  .  .,0
,
,
Representative in Congress 15TH DISTRICT,
VOTE FOR  1,
SUSAN BOSER (DEM).  .  .  .  .  .  .  .  .,24
GLENN GT THOMPSON (REP).  .  .  .  .  .  .,91
WRITE-IN.  .  .  .  .  .  .  .  .  .  .  .,0
,
,
Representative in the General Assembly 73RD,DISTRI
VOTE FOR  1,
TOMMY SANKEY (REP/DEM) .  .  .  .  .  .  .,111
WRITE-IN.  .  .  .  .  .  .  .  .  .  .  .,1
,
PRECINCT REPORT       UNOFFICIAL RESULTS,
RUN DATE:11/16/18,
RUN TIME:10:51 AM,
,
0020 Newburg Borough,
,VOTES
REGISTERED VOTERS - TOTAL .  .  .  .  .  .,46
BALLOTS CAST - TOTAL.  .  .  .  .  .  .  .,32
VOTER TURNOUT - TOTAL  .  .  .  .  .  .  .,
,
,
Straight Party,
VOTE FOR  1,
Democratic (DEM) .  .  .  .  .  .  .  .  .,3
Republican (REP) .  .  .  .  .  .  .  .  .,13
Green (GR) .  .  .  .  .  .  .  .  .  .  .,0
Libertarian (LIB).  .  .  .  .  .  .  .  .,0
,
,
United States Senator,
VOTE FOR  1,
BOB CASEY JR (DEM)  .  .  .  .  .  .  .  .,11
LOU BARLETTA (REP)  .  .  .  .  .  .  .  .,20
NEAL GALE (GR).  .  .  .  .  .  .  .  .  .,0
DALE R KERNS JR (LIB)  .  .  .  .  .  .  .,0
WRITE-IN.  .  .  .  .  .  .  .  .  .  .  .,0
,
,
Governor and Lieutenant Governor,
VOTE FOR  1,
TOM WOLF (DEM).  .  .  .  .  .  .  .  .  .,7
SCOTT R WAGNER (REP).  .  .  .  .  .  .  .,22
PAUL GLOVER (GR) .  .  .  .  .  .  .  .  .,1
KEN V KRAWCHUK (LIB).  .  .  .  .  .  .  .,0
WRITE-IN.  .  .  .  .  .  .  .  .  .  .  .,1
,
,
Representative in Congress 15TH DISTRICT,
VOTE FOR  1,
SUSAN BOSER (DEM).  .  .  .  .  .  .  .  .,5
GLENN GT THOMPSON (REP).  .  .  .  .  .  .,26
WRITE-IN.  .  .  .  .  .  .  .  .  .  .  .,0
,
,
Representative in the General Assembly 73RD,DISTRI
VOTE FOR  1,
TOMMY SANKEY (REP/DEM) .  .  .  .  .  .  .,29
WRITE-IN.  .  .  .  .  .  .  .  .  .  .  .,0
,
PRECINCT REPORT       UNOFFICIAL RESULTS,
RUN DATE:11/16/18,
RUN TIME:10:51 AM,
,
0021 New Washington Borough,
,VOTES
REGISTERED VOTERS - TOTAL .  .  .  .  .  .,43
BALLOTS CAST - TOTAL.  .  .  .  .  .  .  .,33
VOTER TURNOUT - TOTAL  .  .  .  .  .  .  .,
,
,
Straight Party,
VOTE FOR  1,
Democratic (DEM) .  .  .  .  .  .  .  .  .,2
Republican (REP) .  .  .  .  .  .  .  .  .,22
Green (GR) .  .  .  .  .  .  .  .  .  .  .,0
Libertarian (LIB).  .  .  .  .  .  .  .  .,0
,
,
United States Senator,
VOTE FOR  1,
BOB CASEY JR (DEM)  .  .  .  .  .  .  .  .,5
LOU BARLETTA (REP)  .  .  .  .  .  .  .  .,27
NEAL GALE (GR).  .  .  .  .  .  .  .  .  .,0
DALE R KERNS JR (LIB)  .  .  .  .  .  .  .,0
WRITE-IN.  .  .  .  .  .  .  .  .  .  .  .,0
,
,
Governor and Lieutenant Governor,
VOTE FOR  1,
TOM WOLF (DEM).  .  .  .  .  .  .  .  .  .,7
SCOTT R WAGNER (REP).  .  .  .  .  .  .  .,25
PAUL GLOVER (GR) .  .  .  .  .  .  .  .  .,0
KEN V KRAWCHUK (LIB).  .  .  .  .  .  .  .,0
WRITE-IN.  .  .  .  .  .  .  .  .  .  .  .,0
,
,
Representative in Congress 15TH DISTRICT,
VOTE FOR  1,
SUSAN BOSER (DEM).  .  .  .  .  .  .  .  .,4
GLENN GT THOMPSON (REP).  .  .  .  .  .  .,29
WRITE-IN.  .  .  .  .  .  .  .  .  .  .  .,0
,
,
Representative in the General Assembly 73RD,DISTRI
VOTE FOR  1,
TOMMY SANKEY (REP/DEM) .  .  .  .  .  .  .,32
WRITE-IN.  .  .  .  .  .  .  .  .  .  .  .,0
,
PRECINCT REPORT       UNOFFICIAL RESULTS,
RUN DATE:11/16/18,
RUN TIME:10:51 AM,
,
0022 Osceola Mills Borough,
,VOTES
REGISTERED VOTERS - TOTAL .  .  .  .  .  .,619
BALLOTS CAST - TOTAL.  .  .  .  .  .  .  .,313
VOTER TURNOUT - TOTAL  .  .  .  .  .  .  .,
,
,
Straight Party,
VOTE FOR  1,
Democratic (DEM) .  .  .  .  .  .  .  .  .,67
Republican (REP) .  .  .  .  .  .  .  .  .,104
Green (GR) .  .  .  .  .  .  .  .  .  .  .,2
Libertarian (LIB).  .  .  .  .  .  .  .  .,1
,
,
United States Senator,
VOTE FOR  1,
BOB CASEY JR (DEM)  .  .  .  .  .  .  .  .,150
LOU BARLETTA (REP)  .  .  .  .  .  .  .  .,156
NEAL GALE (GR).  .  .  .  .  .  .  .  .  .,3
DALE R KERNS JR (LIB)  .  .  .  .  .  .  .,2
WRITE-IN.  .  .  .  .  .  .  .  .  .  .  .,0
,
,
Governor and Lieutenant Governor,
VOTE FOR  1,
TOM WOLF (DEM).  .  .  .  .  .  .  .  .  .,150
SCOTT R WAGNER (REP).  .  .  .  .  .  .  .,156
PAUL GLOVER (GR) .  .  .  .  .  .  .  .  .,3
KEN V KRAWCHUK (LIB).  .  .  .  .  .  .  .,4
WRITE-IN.  .  .  .  .  .  .  .  .  .  .  .,0
,
,
Representative in Congress 15TH DISTRICT,
VOTE FOR  1,
SUSAN BOSER (DEM).  .  .  .  .  .  .  .  .,116
GLENN GT THOMPSON (REP).  .  .  .  .  .  .,197
WRITE-IN.  .  .  .  .  .  .  .  .  .  .  .,0
,
,
Representative in the General Assembly 73RD,DISTRI
VOTE FOR  1,
TOMMY SANKEY (REP/DEM) .  .  .  .  .  .  .,289
WRITE-IN.  .  .  .  .  .  .  .  .  .  .  .,9
,
PRECINCT REPORT       UNOFFICIAL RESULTS,
RUN DATE:11/16/18,
RUN TIME:10:51 AM,
,
0023 Ramey Borough,
,VOTES
REGISTERED VOTERS - TOTAL .  .  .  .  .  .,316
BALLOTS CAST - TOTAL.  .  .  .  .  .  .  .,194
VOTER TURNOUT - TOTAL  .  .  .  .  .  .  .,
,
,
Straight Party,
VOTE FOR  1,
Democratic (DEM) .  .  .  .  .  .  .  .  .,22
Republican (REP) .  .  .  .  .  .  .  .  .,83
Green (GR) .  .  .  .  .  .  .  .  .  .  .,0
Libertarian (LIB).  .  .  .  .  .  .  .  .,0
,
,
United States Senator,
VOTE FOR  1,
BOB CASEY JR (DEM)  .  .  .  .  .  .  .  .,56
LOU BARLETTA (REP)  .  .  .  .  .  .  .  .,135
NEAL GALE (GR).  .  .  .  .  .  .  .  .  .,0
DALE R KERNS JR (LIB)  .  .  .  .  .  .  .,1
WRITE-IN.  .  .  .  .  .  .  .  .  .  .  .,0
,
,
Governor and Lieutenant Governor,
VOTE FOR  1,
TOM WOLF (DEM).  .  .  .  .  .  .  .  .  .,59
SCOTT R WAGNER (REP).  .  .  .  .  .  .  .,131
PAUL GLOVER (GR) .  .  .  .  .  .  .  .  .,2
KEN V KRAWCHUK (LIB).  .  .  .  .  .  .  .,2
WRITE-IN.  .  .  .  .  .  .  .  .  .  .  .,0
,
,
Representative in Congress 15TH DISTRICT,
VOTE FOR  1,
SUSAN BOSER (DEM).  .  .  .  .  .  .  .  .,45
GLENN GT THOMPSON (REP).  .  .  .  .  .  .,148
WRITE-IN.  .  .  .  .  .  .  .  .  .  .  .,0
,
,
Representative in the General Assembly 73RD,DISTRI
VOTE FOR  1,
TOMMY SANKEY (REP/DEM) .  .  .  .  .  .  .,184
WRITE-IN.  .  .  .  .  .  .  .  .  .  .  .,2
,
PRECINCT REPORT       UNOFFICIAL RESULTS,
RUN DATE:11/16/18,
RUN TIME:10:51 AM,
,
0024 Troutville Borough,
,VOTES
REGISTERED VOTERS - TOTAL .  .  .  .  .  .,115
BALLOTS CAST - TOTAL.  .  .  .  .  .  .  .,76
VOTER TURNOUT - TOTAL  .  .  .  .  .  .  .,
,
,
Straight Party,
VOTE FOR  1,
Democratic (DEM) .  .  .  .  .  .  .  .  .,7
Republican (REP) .  .  .  .  .  .  .  .  .,40
Green (GR) .  .  .  .  .  .  .  .  .  .  .,0
Libertarian (LIB).  .  .  .  .  .  .  .  .,1
,
,
United States Senator,
VOTE FOR  1,
BOB CASEY JR (DEM)  .  .  .  .  .  .  .  .,17
LOU BARLETTA (REP)  .  .  .  .  .  .  .  .,57
NEAL GALE (GR).  .  .  .  .  .  .  .  .  .,0
DALE R KERNS JR (LIB)  .  .  .  .  .  .  .,2
WRITE-IN.  .  .  .  .  .  .  .  .  .  .  .,0
,
,
Governor and Lieutenant Governor,
VOTE FOR  1,
TOM WOLF (DEM).  .  .  .  .  .  .  .  .  .,18
SCOTT R WAGNER (REP).  .  .  .  .  .  .  .,57
PAUL GLOVER (GR) .  .  .  .  .  .  .  .  .,0
KEN V KRAWCHUK (LIB).  .  .  .  .  .  .  .,1
WRITE-IN.  .  .  .  .  .  .  .  .  .  .  .,0
,
,
Representative in Congress 15TH DISTRICT,
VOTE FOR  1,
SUSAN BOSER (DEM).  .  .  .  .  .  .  .  .,15
GLENN GT THOMPSON (REP).  .  .  .  .  .  .,61
WRITE-IN.  .  .  .  .  .  .  .  .  .  .  .,0
,
,
Representative in the General Assembly 75TH,DISTRI
VOTE FOR  1,
MATT GABLER (REP/DEM)  .  .  .  .  .  .  .,71
WRITE-IN.  .  .  .  .  .  .  .  .  .  .  .,2
,
PRECINCT REPORT       UNOFFICIAL RESULTS,
RUN DATE:11/16/18,
RUN TIME:10:51 AM,
,
0025 Wallaceton Borough,
,VOTES
REGISTERED VOTERS - TOTAL .  .  .  .  .  .,176
BALLOTS CAST - TOTAL.  .  .  .  .  .  .  .,120
VOTER TURNOUT - TOTAL  .  .  .  .  .  .  .,
,
,
Straight Party,
VOTE FOR  1,
Democratic (DEM) .  .  .  .  .  .  .  .  .,20
Republican (REP) .  .  .  .  .  .  .  .  .,35
Green (GR) .  .  .  .  .  .  .  .  .  .  .,0
Libertarian (LIB).  .  .  .  .  .  .  .  .,1
,
,
United States Senator,
VOTE FOR  1,
BOB CASEY JR (DEM)  .  .  .  .  .  .  .  .,52
LOU BARLETTA (REP)  .  .  .  .  .  .  .  .,64
NEAL GALE (GR).  .  .  .  .  .  .  .  .  .,1
DALE R KERNS JR (LIB)  .  .  .  .  .  .  .,2
WRITE-IN.  .  .  .  .  .  .  .  .  .  .  .,0
,
,
Governor and Lieutenant Governor,
VOTE FOR  1,
TOM WOLF (DEM).  .  .  .  .  .  .  .  .  .,51
SCOTT R WAGNER (REP).  .  .  .  .  .  .  .,67
PAUL GLOVER (GR) .  .  .  .  .  .  .  .  .,1
KEN V KRAWCHUK (LIB).  .  .  .  .  .  .  .,1
WRITE-IN.  .  .  .  .  .  .  .  .  .  .  .,0
,
,
Representative in Congress 15TH DISTRICT,
VOTE FOR  1,
SUSAN BOSER (DEM).  .  .  .  .  .  .  .  .,43
GLENN GT THOMPSON (REP).  .  .  .  .  .  .,75
WRITE-IN.  .  .  .  .  .  .  .  .  .  .  .,0
,
,
Representative in the General Assembly 73RD,DISTRI
VOTE FOR  1,
TOMMY SANKEY (REP/DEM) .  .  .  .  .  .  .,114
WRITE-IN.  .  .  .  .  .  .  .  .  .  .  .,2
,
PRECINCT REPORT       UNOFFICIAL RESULTS,
RUN DATE:11/16/18,
RUN TIME:10:51 AM,
,
0026 Westover Borough,
,VOTES
REGISTERED VOTERS - TOTAL .  .  .  .  .  .,199
BALLOTS CAST - TOTAL.  .  .  .  .  .  .  .,105
VOTER TURNOUT - TOTAL  .  .  .  .  .  .  .,
,
,
Straight Party,
VOTE FOR  1,
Democratic (DEM) .  .  .  .  .  .  .  .  .,13
Republican (REP) .  .  .  .  .  .  .  .  .,44
Green (GR) .  .  .  .  .  .  .  .  .  .  .,0
Libertarian (LIB).  .  .  .  .  .  .  .  .,1
,
,
United States Senator,
VOTE FOR  1,
BOB CASEY JR (DEM)  .  .  .  .  .  .  .  .,33
LOU BARLETTA (REP)  .  .  .  .  .  .  .  .,71
NEAL GALE (GR).  .  .  .  .  .  .  .  .  .,0
DALE R KERNS JR (LIB)  .  .  .  .  .  .  .,1
WRITE-IN.  .  .  .  .  .  .  .  .  .  .  .,0
,
,
Governor and Lieutenant Governor,
VOTE FOR  1,
TOM WOLF (DEM).  .  .  .  .  .  .  .  .  .,34
SCOTT R WAGNER (REP).  .  .  .  .  .  .  .,68
PAUL GLOVER (GR) .  .  .  .  .  .  .  .  .,2
KEN V KRAWCHUK (LIB).  .  .  .  .  .  .  .,0
WRITE-IN.  .  .  .  .  .  .  .  .  .  .  .,0
,
,
Representative in Congress 15TH DISTRICT,
VOTE FOR  1,
SUSAN BOSER (DEM).  .  .  .  .  .  .  .  .,25
GLENN GT THOMPSON (REP).  .  .  .  .  .  .,78
WRITE-IN.  .  .  .  .  .  .  .  .  .  .  .,0
,
,
Representative in the General Assembly 73RD,DISTRI
VOTE FOR  1,
TOMMY SANKEY (REP/DEM) .  .  .  .  .  .  .,98
WRITE-IN.  .  .  .  .  .  .  .  .  .  .  .,1
,
PRECINCT REPORT       UNOFFICIAL RESULTS,
RUN DATE:11/16/18,
RUN TIME:10:51 AM,
,
0027 Beccaria Township 1st,
,VOTES
REGISTERED VOTERS - TOTAL .  .  .  .  .  .,680
BALLOTS CAST - TOTAL.  .  .  .  .  .  .  .,459
VOTER TURNOUT - TOTAL  .  .  .  .  .  .  .,
,
,
Straight Party,
VOTE FOR  1,
Democratic (DEM) .  .  .  .  .  .  .  .  .,51
Republican (REP) .  .  .  .  .  .  .  .  .,210
Green (GR) .  .  .  .  .  .  .  .  .  .  .,2
Libertarian (LIB).  .  .  .  .  .  .  .  .,3
,
,
United States Senator,
VOTE FOR  1,
BOB CASEY JR (DEM)  .  .  .  .  .  .  .  .,137
LOU BARLETTA (REP)  .  .  .  .  .  .  .  .,310
NEAL GALE (GR).  .  .  .  .  .  .  .  .  .,5
DALE R KERNS JR (LIB)  .  .  .  .  .  .  .,1
WRITE-IN.  .  .  .  .  .  .  .  .  .  .  .,1
,
,
Governor and Lieutenant Governor,
VOTE FOR  1,
TOM WOLF (DEM).  .  .  .  .  .  .  .  .  .,140
SCOTT R WAGNER (REP).  .  .  .  .  .  .  .,308
PAUL GLOVER (GR) .  .  .  .  .  .  .  .  .,4
KEN V KRAWCHUK (LIB).  .  .  .  .  .  .  .,3
WRITE-IN.  .  .  .  .  .  .  .  .  .  .  .,0
,
,
Representative in Congress 15TH DISTRICT,
VOTE FOR  1,
SUSAN BOSER (DEM).  .  .  .  .  .  .  .  .,102
GLENN GT THOMPSON (REP).  .  .  .  .  .  .,351
WRITE-IN.  .  .  .  .  .  .  .  .  .  .  .,0
,
,
Representative in the General Assembly 73RD,DISTRI
VOTE FOR  1,
TOMMY SANKEY (REP/DEM) .  .  .  .  .  .  .,436
WRITE-IN.  .  .  .  .  .  .  .  .  .  .  .,5
,
PRECINCT REPORT       UNOFFICIAL RESULTS,
RUN DATE:11/16/18,
RUN TIME:10:51 AM,
,
0028 Beccaria Township 2nd,
,VOTES
REGISTERED VOTERS - TOTAL .  .  .  .  .  .,402
BALLOTS CAST - TOTAL.  .  .  .  .  .  .  .,243
VOTER TURNOUT - TOTAL  .  .  .  .  .  .  .,
,
,
Straight Party,
VOTE FOR  1,
Democratic (DEM) .  .  .  .  .  .  .  .  .,30
Republican (REP) .  .  .  .  .  .  .  .  .,109
Green (GR) .  .  .  .  .  .  .  .  .  .  .,1
Libertarian (LIB).  .  .  .  .  .  .  .  .,2
,
,
United States Senator,
VOTE FOR  1,
BOB CASEY JR (DEM)  .  .  .  .  .  .  .  .,61
LOU BARLETTA (REP)  .  .  .  .  .  .  .  .,177
NEAL GALE (GR).  .  .  .  .  .  .  .  .  .,2
DALE R KERNS JR (LIB)  .  .  .  .  .  .  .,1
WRITE-IN.  .  .  .  .  .  .  .  .  .  .  .,0
,
,
Governor and Lieutenant Governor,
VOTE FOR  1,
TOM WOLF (DEM).  .  .  .  .  .  .  .  .  .,67
SCOTT R WAGNER (REP).  .  .  .  .  .  .  .,171
PAUL GLOVER (GR) .  .  .  .  .  .  .  .  .,2
KEN V KRAWCHUK (LIB).  .  .  .  .  .  .  .,2
WRITE-IN.  .  .  .  .  .  .  .  .  .  .  .,0
,
,
Representative in Congress 15TH DISTRICT,
VOTE FOR  1,
SUSAN BOSER (DEM).  .  .  .  .  .  .  .  .,42
GLENN GT THOMPSON (REP).  .  .  .  .  .  .,195
WRITE-IN.  .  .  .  .  .  .  .  .  .  .  .,0
,
,
Representative in the General Assembly 73RD,DISTRI
VOTE FOR  1,
TOMMY SANKEY (REP/DEM) .  .  .  .  .  .  .,235
WRITE-IN.  .  .  .  .  .  .  .  .  .  .  .,0
,
PRECINCT REPORT       UNOFFICIAL RESULTS,
RUN DATE:11/16/18,
RUN TIME:10:51 AM,
,
0029 Bell Township,
,VOTES
REGISTERED VOTERS - TOTAL .  .  .  .  .  .,490
BALLOTS CAST - TOTAL.  .  .  .  .  .  .  .,285
VOTER TURNOUT - TOTAL  .  .  .  .  .  .  .,
,
,
Straight Party,
VOTE FOR  1,
Democratic (DEM) .  .  .  .  .  .  .  .  .,37
Republican (REP) .  .  .  .  .  .  .  .  .,165
Green (GR) .  .  .  .  .  .  .  .  .  .  .,0
Libertarian (LIB).  .  .  .  .  .  .  .  .,1
,
,
United States Senator,
VOTE FOR  1,
BOB CASEY JR (DEM)  .  .  .  .  .  .  .  .,59
LOU BARLETTA (REP)  .  .  .  .  .  .  .  .,220
NEAL GALE (GR).  .  .  .  .  .  .  .  .  .,0
DALE R KERNS JR (LIB)  .  .  .  .  .  .  .,5
WRITE-IN.  .  .  .  .  .  .  .  .  .  .  .,0
,
,
Governor and Lieutenant Governor,
VOTE FOR  1,
TOM WOLF (DEM).  .  .  .  .  .  .  .  .  .,60
SCOTT R WAGNER (REP).  .  .  .  .  .  .  .,219
PAUL GLOVER (GR) .  .  .  .  .  .  .  .  .,2
KEN V KRAWCHUK (LIB).  .  .  .  .  .  .  .,3
WRITE-IN.  .  .  .  .  .  .  .  .  .  .  .,1
,
,
Representative in Congress 15TH DISTRICT,
VOTE FOR  1,
SUSAN BOSER (DEM).  .  .  .  .  .  .  .  .,52
GLENN GT THOMPSON (REP).  .  .  .  .  .  .,233
WRITE-IN.  .  .  .  .  .  .  .  .  .  .  .,0
,
,
Representative in the General Assembly 73RD,DISTRI
VOTE FOR  1,
TOMMY SANKEY (REP/DEM) .  .  .  .  .  .  .,267
WRITE-IN.  .  .  .  .  .  .  .  .  .  .  .,2
,
PRECINCT REPORT       UNOFFICIAL RESULTS,
RUN DATE:11/16/18,
RUN TIME:10:51 AM,
,
0030 Bigler Township,
,VOTES
REGISTERED VOTERS - TOTAL .  .  .  .  .  .,778
BALLOTS CAST - TOTAL.  .  .  .  .  .  .  .,448
VOTER TURNOUT - TOTAL  .  .  .  .  .  .  .,
,
,
Straight Party,
VOTE FOR  1,
Democratic (DEM) .  .  .  .  .  .  .  .  .,66
Republican (REP) .  .  .  .  .  .  .  .  .,215
Green (GR) .  .  .  .  .  .  .  .  .  .  .,0
Libertarian (LIB).  .  .  .  .  .  .  .  .,1
,
,
United States Senator,
VOTE FOR  1,
BOB CASEY JR (DEM)  .  .  .  .  .  .  .  .,138
LOU BARLETTA (REP)  .  .  .  .  .  .  .  .,300
NEAL GALE (GR).  .  .  .  .  .  .  .  .  .,3
DALE R KERNS JR (LIB)  .  .  .  .  .  .  .,2
WRITE-IN.  .  .  .  .  .  .  .  .  .  .  .,0
,
,
Governor and Lieutenant Governor,
VOTE FOR  1,
TOM WOLF (DEM).  .  .  .  .  .  .  .  .  .,134
SCOTT R WAGNER (REP).  .  .  .  .  .  .  .,304
PAUL GLOVER (GR) .  .  .  .  .  .  .  .  .,4
KEN V KRAWCHUK (LIB).  .  .  .  .  .  .  .,1
WRITE-IN.  .  .  .  .  .  .  .  .  .  .  .,0
,
,
Representative in Congress 15TH DISTRICT,
VOTE FOR  1,
SUSAN BOSER (DEM).  .  .  .  .  .  .  .  .,106
GLENN GT THOMPSON (REP).  .  .  .  .  .  .,339
WRITE-IN.  .  .  .  .  .  .  .  .  .  .  .,1
,
,
Representative in the General Assembly 73RD,DISTRI
VOTE FOR  1,
TOMMY SANKEY (REP/DEM) .  .  .  .  .  .  .,427
WRITE-IN.  .  .  .  .  .  .  .  .  .  .  .,2
,
PRECINCT REPORT       UNOFFICIAL RESULTS,
RUN DATE:11/16/18,
RUN TIME:10:51 AM,
,
0031 Bloom Township,
,VOTES
REGISTERED VOTERS - TOTAL .  .  .  .  .  .,275
BALLOTS CAST - TOTAL.  .  .  .  .  .  .  .,166
VOTER TURNOUT - TOTAL  .  .  .  .  .  .  .,
,
,
Straight Party,
VOTE FOR  1,
Democratic (DEM) .  .  .  .  .  .  .  .  .,23
Republican (REP) .  .  .  .  .  .  .  .  .,76
Green (GR) .  .  .  .  .  .  .  .  .  .  .,0
Libertarian (LIB).  .  .  .  .  .  .  .  .,0
,
,
United States Senator,
VOTE FOR  1,
BOB CASEY JR (DEM)  .  .  .  .  .  .  .  .,49
LOU BARLETTA (REP)  .  .  .  .  .  .  .  .,112
NEAL GALE (GR).  .  .  .  .  .  .  .  .  .,0
DALE R KERNS JR (LIB)  .  .  .  .  .  .  .,1
WRITE-IN.  .  .  .  .  .  .  .  .  .  .  .,1
,
,
Governor and Lieutenant Governor,
VOTE FOR  1,
TOM WOLF (DEM).  .  .  .  .  .  .  .  .  .,44
SCOTT R WAGNER (REP).  .  .  .  .  .  .  .,119
PAUL GLOVER (GR) .  .  .  .  .  .  .  .  .,0
KEN V KRAWCHUK (LIB).  .  .  .  .  .  .  .,1
WRITE-IN.  .  .  .  .  .  .  .  .  .  .  .,0
,
,
Representative in Congress 15TH DISTRICT,
VOTE FOR  1,
SUSAN BOSER (DEM).  .  .  .  .  .  .  .  .,31
GLENN GT THOMPSON (REP).  .  .  .  .  .  .,134
WRITE-IN.  .  .  .  .  .  .  .  .  .  .  .,0
,
,
Representative in the General Assembly 75TH,DISTRI
VOTE FOR  1,
MATT GABLER (REP/DEM)  .  .  .  .  .  .  .,162
WRITE-IN.  .  .  .  .  .  .  .  .  .  .  .,1
,
PRECINCT REPORT       UNOFFICIAL RESULTS,
RUN DATE:11/16/18,
RUN TIME:10:51 AM,
,
0032 Boggs Township,
,VOTES
REGISTERED VOTERS - TOTAL .  .  .  .  .  .,1040
BALLOTS CAST - TOTAL.  .  .  .  .  .  .  .,624
VOTER TURNOUT - TOTAL  .  .  .  .  .  .  .,
,
,
Straight Party,
VOTE FOR  1,
Democratic (DEM) .  .  .  .  .  .  .  .  .,93
Republican (REP) .  .  .  .  .  .  .  .  .,265
Green (GR) .  .  .  .  .  .  .  .  .  .  .,2
Libertarian (LIB).  .  .  .  .  .  .  .  .,0
,
,
United States Senator,
VOTE FOR  1,
BOB CASEY JR (DEM)  .  .  .  .  .  .  .  .,226
LOU BARLETTA (REP)  .  .  .  .  .  .  .  .,381
NEAL GALE (GR).  .  .  .  .  .  .  .  .  .,2
DALE R KERNS JR (LIB)  .  .  .  .  .  .  .,6
WRITE-IN.  .  .  .  .  .  .  .  .  .  .  .,1
,
,
Governor and Lieutenant Governor,
VOTE FOR  1,
TOM WOLF (DEM).  .  .  .  .  .  .  .  .  .,215
SCOTT R WAGNER (REP).  .  .  .  .  .  .  .,390
PAUL GLOVER (GR) .  .  .  .  .  .  .  .  .,7
KEN V KRAWCHUK (LIB).  .  .  .  .  .  .  .,9
WRITE-IN.  .  .  .  .  .  .  .  .  .  .  .,0
,
,
Representative in Congress 15TH DISTRICT,
VOTE FOR  1,
SUSAN BOSER (DEM).  .  .  .  .  .  .  .  .,158
GLENN GT THOMPSON (REP).  .  .  .  .  .  .,457
WRITE-IN.  .  .  .  .  .  .  .  .  .  .  .,1
,
,
Representative in the General Assembly 73RD,DISTRI
VOTE FOR  1,
TOMMY SANKEY (REP/DEM) .  .  .  .  .  .  .,597
WRITE-IN.  .  .  .  .  .  .  .  .  .  .  .,6
,
PRECINCT REPORT       UNOFFICIAL RESULTS,
RUN DATE:11/16/18,
RUN TIME:10:51 AM,
,
0033 Bradford Township 1st,
,VOTES
REGISTERED VOTERS - TOTAL .  .  .  .  .  .,1003
BALLOTS CAST - TOTAL.  .  .  .  .  .  .  .,607
VOTER TURNOUT - TOTAL  .  .  .  .  .  .  .,
,
,
Straight Party,
VOTE FOR  1,
Democratic (DEM) .  .  .  .  .  .  .  .  .,55
Republican (REP) .  .  .  .  .  .  .  .  .,324
Green (GR) .  .  .  .  .  .  .  .  .  .  .,1
Libertarian (LIB).  .  .  .  .  .  .  .  .,0
,
,
United States Senator,
VOTE FOR  1,
BOB CASEY JR (DEM)  .  .  .  .  .  .  .  .,147
LOU BARLETTA (REP)  .  .  .  .  .  .  .  .,447
NEAL GALE (GR).  .  .  .  .  .  .  .  .  .,3
DALE R KERNS JR (LIB)  .  .  .  .  .  .  .,4
WRITE-IN.  .  .  .  .  .  .  .  .  .  .  .,0
,
,
Governor and Lieutenant Governor,
VOTE FOR  1,
TOM WOLF (DEM).  .  .  .  .  .  .  .  .  .,137
SCOTT R WAGNER (REP).  .  .  .  .  .  .  .,457
PAUL GLOVER (GR) .  .  .  .  .  .  .  .  .,3
KEN V KRAWCHUK (LIB).  .  .  .  .  .  .  .,6
WRITE-IN.  .  .  .  .  .  .  .  .  .  .  .,2
,
,
Representative in Congress 15TH DISTRICT,
VOTE FOR  1,
SUSAN BOSER (DEM).  .  .  .  .  .  .  .  .,104
GLENN GT THOMPSON (REP).  .  .  .  .  .  .,502
WRITE-IN.  .  .  .  .  .  .  .  .  .  .  .,0
,
,
Representative in the General Assembly 75TH,DISTRI
VOTE FOR  1,
MATT GABLER (REP/DEM)  .  .  .  .  .  .  .,586
WRITE-IN.  .  .  .  .  .  .  .  .  .  .  .,1
,
PRECINCT REPORT       UNOFFICIAL RESULTS,
RUN DATE:11/16/18,
RUN TIME:10:51 AM,
,
0034 Bradford Township 2nd,
,VOTES
REGISTERED VOTERS - TOTAL .  .  .  .  .  .,717
BALLOTS CAST - TOTAL.  .  .  .  .  .  .  .,396
VOTER TURNOUT - TOTAL  .  .  .  .  .  .  .,
,
,
Straight Party,
VOTE FOR  1,
Democratic (DEM) .  .  .  .  .  .  .  .  .,54
Republican (REP) .  .  .  .  .  .  .  .  .,168
Green (GR) .  .  .  .  .  .  .  .  .  .  .,1
Libertarian (LIB).  .  .  .  .  .  .  .  .,0
,
,
United States Senator,
VOTE FOR  1,
BOB CASEY JR (DEM)  .  .  .  .  .  .  .  .,117
LOU BARLETTA (REP)  .  .  .  .  .  .  .  .,263
NEAL GALE (GR).  .  .  .  .  .  .  .  .  .,3
DALE R KERNS JR (LIB)  .  .  .  .  .  .  .,9
WRITE-IN.  .  .  .  .  .  .  .  .  .  .  .,0
,
,
Governor and Lieutenant Governor,
VOTE FOR  1,
TOM WOLF (DEM).  .  .  .  .  .  .  .  .  .,119
SCOTT R WAGNER (REP).  .  .  .  .  .  .  .,261
PAUL GLOVER (GR) .  .  .  .  .  .  .  .  .,5
KEN V KRAWCHUK (LIB).  .  .  .  .  .  .  .,9
WRITE-IN.  .  .  .  .  .  .  .  .  .  .  .,1
,
,
Representative in Congress 15TH DISTRICT,
VOTE FOR  1,
SUSAN BOSER (DEM).  .  .  .  .  .  .  .  .,90
GLENN GT THOMPSON (REP).  .  .  .  .  .  .,303
WRITE-IN.  .  .  .  .  .  .  .  .  .  .  .,0
,
,
Representative in the General Assembly 75TH,DISTRI
VOTE FOR  1,
MATT GABLER (REP/DEM)  .  .  .  .  .  .  .,382
WRITE-IN.  .  .  .  .  .  .  .  .  .  .  .,2
,
PRECINCT REPORT       UNOFFICIAL RESULTS,
RUN DATE:11/16/18,
RUN TIME:10:51 AM,
,
0035 Brady Township,
,VOTES
REGISTERED VOTERS - TOTAL .  .  .  .  .  .,1075
BALLOTS CAST - TOTAL.  .  .  .  .  .  .  .,643
VOTER TURNOUT - TOTAL  .  .  .  .  .  .  .,
,
,
Straight Party,
VOTE FOR  1,
Democratic (DEM) .  .  .  .  .  .  .  .  .,66
Republican (REP) .  .  .  .  .  .  .  .  .,259
Green (GR) .  .  .  .  .  .  .  .  .  .  .,0
Libertarian (LIB).  .  .  .  .  .  .  .  .,0
,
,
United States Senator,
VOTE FOR  1,
BOB CASEY JR (DEM)  .  .  .  .  .  .  .  .,194
LOU BARLETTA (REP)  .  .  .  .  .  .  .  .,432
NEAL GALE (GR).  .  .  .  .  .  .  .  .  .,4
DALE R KERNS JR (LIB)  .  .  .  .  .  .  .,4
WRITE-IN.  .  .  .  .  .  .  .  .  .  .  .,0
,
,
Governor and Lieutenant Governor,
VOTE FOR  1,
TOM WOLF (DEM).  .  .  .  .  .  .  .  .  .,182
SCOTT R WAGNER (REP).  .  .  .  .  .  .  .,453
PAUL GLOVER (GR) .  .  .  .  .  .  .  .  .,1
KEN V KRAWCHUK (LIB).  .  .  .  .  .  .  .,5
WRITE-IN.  .  .  .  .  .  .  .  .  .  .  .,0
,
,
Representative in Congress 15TH DISTRICT,
VOTE FOR  1,
SUSAN BOSER (DEM).  .  .  .  .  .  .  .  .,122
GLENN GT THOMPSON (REP).  .  .  .  .  .  .,515
WRITE-IN.  .  .  .  .  .  .  .  .  .  .  .,0
,
,
Representative in the General Assembly 75TH,DISTRI
VOTE FOR  1,
MATT GABLER (REP/DEM)  .  .  .  .  .  .  .,616
WRITE-IN.  .  .  .  .  .  .  .  .  .  .  .,7
,
PRECINCT REPORT       UNOFFICIAL RESULTS,
RUN DATE:11/16/18,
RUN TIME:10:51 AM,
,
0036 Burnside Township,
,VOTES
REGISTERED VOTERS - TOTAL .  .  .  .  .  .,634
BALLOTS CAST - TOTAL.  .  .  .  .  .  .  .,359
VOTER TURNOUT - TOTAL  .  .  .  .  .  .  .,
,
,
Straight Party,
VOTE FOR  1,
Democratic (DEM) .  .  .  .  .  .  .  .  .,41
Republican (REP) .  .  .  .  .  .  .  .  .,185
Green (GR) .  .  .  .  .  .  .  .  .  .  .,0
Libertarian (LIB).  .  .  .  .  .  .  .  .,0
,
,
United States Senator,
VOTE FOR  1,
BOB CASEY JR (DEM)  .  .  .  .  .  .  .  .,88
LOU BARLETTA (REP)  .  .  .  .  .  .  .  .,268
NEAL GALE (GR).  .  .  .  .  .  .  .  .  .,1
DALE R KERNS JR (LIB)  .  .  .  .  .  .  .,2
WRITE-IN.  .  .  .  .  .  .  .  .  .  .  .,0
,
,
Governor and Lieutenant Governor,
VOTE FOR  1,
TOM WOLF (DEM).  .  .  .  .  .  .  .  .  .,85
SCOTT R WAGNER (REP).  .  .  .  .  .  .  .,272
PAUL GLOVER (GR) .  .  .  .  .  .  .  .  .,0
KEN V KRAWCHUK (LIB).  .  .  .  .  .  .  .,2
WRITE-IN.  .  .  .  .  .  .  .  .  .  .  .,0
,
,
Representative in Congress 15TH DISTRICT,
VOTE FOR  1,
SUSAN BOSER (DEM).  .  .  .  .  .  .  .  .,70
GLENN GT THOMPSON (REP).  .  .  .  .  .  .,289
WRITE-IN.  .  .  .  .  .  .  .  .  .  .  .,0
,
,
Representative in the General Assembly 73RD,DISTRI
VOTE FOR  1,
TOMMY SANKEY (REP/DEM) .  .  .  .  .  .  .,346
WRITE-IN.  .  .  .  .  .  .  .  .  .  .  .,2
,
PRECINCT REPORT       UNOFFICIAL RESULTS,
RUN DATE:11/16/18,
RUN TIME:10:51 AM,
,
0037 Chest Township,
,VOTES
REGISTERED VOTERS - TOTAL .  .  .  .  .  .,337
BALLOTS CAST - TOTAL.  .  .  .  .  .  .  .,177
VOTER TURNOUT - TOTAL  .  .  .  .  .  .  .,
,
,
Straight Party,
VOTE FOR  1,
Democratic (DEM) .  .  .  .  .  .  .  .  .,23
Republican (REP) .  .  .  .  .  .  .  .  .,89
Green (GR) .  .  .  .  .  .  .  .  .  .  .,0
Libertarian (LIB).  .  .  .  .  .  .  .  .,0
,
,
United States Senator,
VOTE FOR  1,
BOB CASEY JR (DEM)  .  .  .  .  .  .  .  .,54
LOU BARLETTA (REP)  .  .  .  .  .  .  .  .,118
NEAL GALE (GR).  .  .  .  .  .  .  .  .  .,1
DALE R KERNS JR (LIB)  .  .  .  .  .  .  .,0
WRITE-IN.  .  .  .  .  .  .  .  .  .  .  .,0
,
,
Governor and Lieutenant Governor,
VOTE FOR  1,
TOM WOLF (DEM).  .  .  .  .  .  .  .  .  .,44
SCOTT R WAGNER (REP).  .  .  .  .  .  .  .,129
PAUL GLOVER (GR) .  .  .  .  .  .  .  .  .,0
KEN V KRAWCHUK (LIB).  .  .  .  .  .  .  .,4
WRITE-IN.  .  .  .  .  .  .  .  .  .  .  .,0
,
,
Representative in Congress 15TH DISTRICT,
VOTE FOR  1,
SUSAN BOSER (DEM).  .  .  .  .  .  .  .  .,43
GLENN GT THOMPSON (REP).  .  .  .  .  .  .,130
WRITE-IN.  .  .  .  .  .  .  .  .  .  .  .,2
,
,
Representative in the General Assembly 73RD,DISTRI
VOTE FOR  1,
TOMMY SANKEY (REP/DEM) .  .  .  .  .  .  .,167
WRITE-IN.  .  .  .  .  .  .  .  .  .  .  .,1
,
PRECINCT REPORT       UNOFFICIAL RESULTS,
RUN DATE:11/16/18,
RUN TIME:10:51 AM,
,
0038 Cooper Township 1st,
,VOTES
REGISTERED VOTERS - TOTAL .  .  .  .  .  .,948
BALLOTS CAST - TOTAL.  .  .  .  .  .  .  .,518
VOTER TURNOUT - TOTAL  .  .  .  .  .  .  .,
,
,
Straight Party,
VOTE FOR  1,
Democratic (DEM) .  .  .  .  .  .  .  .  .,118
Republican (REP) .  .  .  .  .  .  .  .  .,193
Green (GR) .  .  .  .  .  .  .  .  .  .  .,2
Libertarian (LIB).  .  .  .  .  .  .  .  .,3
,
,
United States Senator,
VOTE FOR  1,
BOB CASEY JR (DEM)  .  .  .  .  .  .  .  .,224
LOU BARLETTA (REP)  .  .  .  .  .  .  .  .,283
NEAL GALE (GR).  .  .  .  .  .  .  .  .  .,2
DALE R KERNS JR (LIB)  .  .  .  .  .  .  .,5
WRITE-IN.  .  .  .  .  .  .  .  .  .  .  .,0
,
,
Governor and Lieutenant Governor,
VOTE FOR  1,
TOM WOLF (DEM).  .  .  .  .  .  .  .  .  .,218
SCOTT R WAGNER (REP).  .  .  .  .  .  .  .,294
PAUL GLOVER (GR) .  .  .  .  .  .  .  .  .,3
KEN V KRAWCHUK (LIB).  .  .  .  .  .  .  .,2
WRITE-IN.  .  .  .  .  .  .  .  .  .  .  .,0
,
,
Representative in Congress 15TH DISTRICT,
VOTE FOR  1,
SUSAN BOSER (DEM).  .  .  .  .  .  .  .  .,178
GLENN GT THOMPSON (REP).  .  .  .  .  .  .,337
WRITE-IN.  .  .  .  .  .  .  .  .  .  .  .,1
,
,
Representative in the General Assembly 73RD,DISTRI
VOTE FOR  1,
TOMMY SANKEY (REP/DEM) .  .  .  .  .  .  .,498
WRITE-IN.  .  .  .  .  .  .  .  .  .  .  .,5
,
PRECINCT REPORT       UNOFFICIAL RESULTS,
RUN DATE:11/16/18,
RUN TIME:10:51 AM,
,
0039 Cooper Township 2nd,
,VOTES
REGISTERED VOTERS - TOTAL .  .  .  .  .  .,581
BALLOTS CAST - TOTAL.  .  .  .  .  .  .  .,315
VOTER TURNOUT - TOTAL  .  .  .  .  .  .  .,
,
,
Straight Party,
VOTE FOR  1,
Democratic (DEM) .  .  .  .  .  .  .  .  .,41
Republican (REP) .  .  .  .  .  .  .  .  .,122
Green (GR) .  .  .  .  .  .  .  .  .  .  .,1
Libertarian (LIB).  .  .  .  .  .  .  .  .,0
,
,
United States Senator,
VOTE FOR  1,
BOB CASEY JR (DEM)  .  .  .  .  .  .  .  .,92
LOU BARLETTA (REP)  .  .  .  .  .  .  .  .,205
NEAL GALE (GR).  .  .  .  .  .  .  .  .  .,0
DALE R KERNS JR (LIB)  .  .  .  .  .  .  .,11
WRITE-IN.  .  .  .  .  .  .  .  .  .  .  .,0
,
,
Governor and Lieutenant Governor,
VOTE FOR  1,
TOM WOLF (DEM).  .  .  .  .  .  .  .  .  .,98
SCOTT R WAGNER (REP).  .  .  .  .  .  .  .,203
PAUL GLOVER (GR) .  .  .  .  .  .  .  .  .,0
KEN V KRAWCHUK (LIB).  .  .  .  .  .  .  .,4
WRITE-IN.  .  .  .  .  .  .  .  .  .  .  .,1
,
,
Representative in Congress 15TH DISTRICT,
VOTE FOR  1,
SUSAN BOSER (DEM).  .  .  .  .  .  .  .  .,65
GLENN GT THOMPSON (REP).  .  .  .  .  .  .,244
WRITE-IN.  .  .  .  .  .  .  .  .  .  .  .,0
,
,
Representative in the General Assembly 73RD,DISTRI
VOTE FOR  1,
TOMMY SANKEY (REP/DEM) .  .  .  .  .  .  .,301
WRITE-IN.  .  .  .  .  .  .  .  .  .  .  .,2
,
PRECINCT REPORT       UNOFFICIAL RESULTS,
RUN DATE:11/16/18,
RUN TIME:10:51 AM,
,
0040 Covington Township,
,VOTES
REGISTERED VOTERS - TOTAL .  .  .  .  .  .,359
BALLOTS CAST - TOTAL.  .  .  .  .  .  .  .,236
VOTER TURNOUT - TOTAL  .  .  .  .  .  .  .,
,
,
Straight Party,
VOTE FOR  1,
Democratic (DEM) .  .  .  .  .  .  .  .  .,27
Republican (REP) .  .  .  .  .  .  .  .  .,104
Green (GR) .  .  .  .  .  .  .  .  .  .  .,1
Libertarian (LIB).  .  .  .  .  .  .  .  .,1
,
,
United States Senator,
VOTE FOR  1,
BOB CASEY JR (DEM)  .  .  .  .  .  .  .  .,68
LOU BARLETTA (REP)  .  .  .  .  .  .  .  .,161
NEAL GALE (GR).  .  .  .  .  .  .  .  .  .,2
DALE R KERNS JR (LIB)  .  .  .  .  .  .  .,2
WRITE-IN.  .  .  .  .  .  .  .  .  .  .  .,0
,
,
Governor and Lieutenant Governor,
VOTE FOR  1,
TOM WOLF (DEM).  .  .  .  .  .  .  .  .  .,56
SCOTT R WAGNER (REP).  .  .  .  .  .  .  .,172
PAUL GLOVER (GR) .  .  .  .  .  .  .  .  .,3
KEN V KRAWCHUK (LIB).  .  .  .  .  .  .  .,3
WRITE-IN.  .  .  .  .  .  .  .  .  .  .  .,0
,
,
Representative in Congress 15TH DISTRICT,
VOTE FOR  1,
SUSAN BOSER (DEM).  .  .  .  .  .  .  .  .,47
GLENN GT THOMPSON (REP).  .  .  .  .  .  .,184
WRITE-IN.  .  .  .  .  .  .  .  .  .  .  .,0
,
,
Representative in the General Assembly 75TH,DISTRI
VOTE FOR  1,
MATT GABLER (REP/DEM)  .  .  .  .  .  .  .,228
WRITE-IN.  .  .  .  .  .  .  .  .  .  .  .,1
,
PRECINCT REPORT       UNOFFICIAL RESULTS,
RUN DATE:11/16/18,
RUN TIME:10:51 AM,
,
0041 Decatur Township 1st,
,VOTES
REGISTERED VOTERS - TOTAL .  .  .  .  .  .,849
BALLOTS CAST - TOTAL.  .  .  .  .  .  .  .,518
VOTER TURNOUT - TOTAL  .  .  .  .  .  .  .,
,
,
Straight Party,
VOTE FOR  1,
Democratic (DEM) .  .  .  .  .  .  .  .  .,68
Republican (REP) .  .  .  .  .  .  .  .  .,251
Green (GR) .  .  .  .  .  .  .  .  .  .  .,0
Libertarian (LIB).  .  .  .  .  .  .  .  .,0
,
,
United States Senator,
VOTE FOR  1,
BOB CASEY JR (DEM)  .  .  .  .  .  .  .  .,147
LOU BARLETTA (REP)  .  .  .  .  .  .  .  .,361
NEAL GALE (GR).  .  .  .  .  .  .  .  .  .,1
DALE R KERNS JR (LIB)  .  .  .  .  .  .  .,2
WRITE-IN.  .  .  .  .  .  .  .  .  .  .  .,1
,
,
Governor and Lieutenant Governor,
VOTE FOR  1,
TOM WOLF (DEM).  .  .  .  .  .  .  .  .  .,136
SCOTT R WAGNER (REP).  .  .  .  .  .  .  .,373
PAUL GLOVER (GR) .  .  .  .  .  .  .  .  .,5
KEN V KRAWCHUK (LIB).  .  .  .  .  .  .  .,2
WRITE-IN.  .  .  .  .  .  .  .  .  .  .  .,1
,
,
Representative in Congress 15TH DISTRICT,
VOTE FOR  1,
SUSAN BOSER (DEM).  .  .  .  .  .  .  .  .,106
GLENN GT THOMPSON (REP).  .  .  .  .  .  .,407
WRITE-IN.  .  .  .  .  .  .  .  .  .  .  .,0
,
,
Representative in the General Assembly 73RD,DISTRI
VOTE FOR  1,
TOMMY SANKEY (REP/DEM) .  .  .  .  .  .  .,502
WRITE-IN.  .  .  .  .  .  .  .  .  .  .  .,6
,
PRECINCT REPORT       UNOFFICIAL RESULTS,
RUN DATE:11/16/18,
RUN TIME:10:51 AM,
,
0042 Decatur Township 2nd,
,VOTES
REGISTERED VOTERS - TOTAL .  .  .  .  .  .,891
BALLOTS CAST - TOTAL.  .  .  .  .  .  .  .,524
VOTER TURNOUT - TOTAL  .  .  .  .  .  .  .,
,
,
Straight Party,
VOTE FOR  1,
Democratic (DEM) .  .  .  .  .  .  .  .  .,103
Republican (REP) .  .  .  .  .  .  .  .  .,204
Green (GR) .  .  .  .  .  .  .  .  .  .  .,1
Libertarian (LIB).  .  .  .  .  .  .  .  .,0
,
,
United States Senator,
VOTE FOR  1,
BOB CASEY JR (DEM)  .  .  .  .  .  .  .  .,210
LOU BARLETTA (REP)  .  .  .  .  .  .  .  .,298
NEAL GALE (GR).  .  .  .  .  .  .  .  .  .,2
DALE R KERNS JR (LIB)  .  .  .  .  .  .  .,8
WRITE-IN.  .  .  .  .  .  .  .  .  .  .  .,0
,
,
Governor and Lieutenant Governor,
VOTE FOR  1,
TOM WOLF (DEM).  .  .  .  .  .  .  .  .  .,200
SCOTT R WAGNER (REP).  .  .  .  .  .  .  .,307
PAUL GLOVER (GR) .  .  .  .  .  .  .  .  .,3
KEN V KRAWCHUK (LIB).  .  .  .  .  .  .  .,6
WRITE-IN.  .  .  .  .  .  .  .  .  .  .  .,0
,
,
Representative in Congress 15TH DISTRICT,
VOTE FOR  1,
SUSAN BOSER (DEM).  .  .  .  .  .  .  .  .,167
GLENN GT THOMPSON (REP).  .  .  .  .  .  .,352
WRITE-IN.  .  .  .  .  .  .  .  .  .  .  .,0
,
,
Representative in the General Assembly 73RD,DISTRI
VOTE FOR  1,
TOMMY SANKEY (REP/DEM) .  .  .  .  .  .  .,505
WRITE-IN.  .  .  .  .  .  .  .  .  .  .  .,3
,
PRECINCT REPORT       UNOFFICIAL RESULTS,
RUN DATE:11/16/18,
RUN TIME:10:51 AM,
,
0043 Ferguson Township,
,VOTES
REGISTERED VOTERS - TOTAL .  .  .  .  .  .,310
BALLOTS CAST - TOTAL.  .  .  .  .  .  .  .,192
VOTER TURNOUT - TOTAL  .  .  .  .  .  .  .,
,
,
Straight Party,
VOTE FOR  1,
Democratic (DEM) .  .  .  .  .  .  .  .  .,11
Republican (REP) .  .  .  .  .  .  .  .  .,82
Green (GR) .  .  .  .  .  .  .  .  .  .  .,0
Libertarian (LIB).  .  .  .  .  .  .  .  .,1
,
,
United States Senator,
VOTE FOR  1,
BOB CASEY JR (DEM)  .  .  .  .  .  .  .  .,56
LOU BARLETTA (REP)  .  .  .  .  .  .  .  .,129
NEAL GALE (GR).  .  .  .  .  .  .  .  .  .,1
DALE R KERNS JR (LIB)  .  .  .  .  .  .  .,2
WRITE-IN.  .  .  .  .  .  .  .  .  .  .  .,0
,
,
Governor and Lieutenant Governor,
VOTE FOR  1,
TOM WOLF (DEM).  .  .  .  .  .  .  .  .  .,43
SCOTT R WAGNER (REP).  .  .  .  .  .  .  .,142
PAUL GLOVER (GR) .  .  .  .  .  .  .  .  .,0
KEN V KRAWCHUK (LIB).  .  .  .  .  .  .  .,7
WRITE-IN.  .  .  .  .  .  .  .  .  .  .  .,0
,
,
Representative in Congress 15TH DISTRICT,
VOTE FOR  1,
SUSAN BOSER (DEM).  .  .  .  .  .  .  .  .,34
GLENN GT THOMPSON (REP).  .  .  .  .  .  .,158
WRITE-IN.  .  .  .  .  .  .  .  .  .  .  .,0
,
,
Representative in the General Assembly 73RD,DISTRI
VOTE FOR  1,
TOMMY SANKEY (REP/DEM) .  .  .  .  .  .  .,180
WRITE-IN.  .  .  .  .  .  .  .  .  .  .  .,1
,
PRECINCT REPORT       UNOFFICIAL RESULTS,
RUN DATE:11/16/18,
RUN TIME:10:51 AM,
,
0044 Girard Township,
,VOTES
REGISTERED VOTERS - TOTAL .  .  .  .  .  .,321
BALLOTS CAST - TOTAL.  .  .  .  .  .  .  .,177
VOTER TURNOUT - TOTAL  .  .  .  .  .  .  .,
,
,
Straight Party,
VOTE FOR  1,
Democratic (DEM) .  .  .  .  .  .  .  .  .,26
Republican (REP) .  .  .  .  .  .  .  .  .,100
Green (GR) .  .  .  .  .  .  .  .  .  .  .,0
Libertarian (LIB).  .  .  .  .  .  .  .  .,1
,
,
United States Senator,
VOTE FOR  1,
BOB CASEY JR (DEM)  .  .  .  .  .  .  .  .,46
LOU BARLETTA (REP)  .  .  .  .  .  .  .  .,127
NEAL GALE (GR).  .  .  .  .  .  .  .  .  .,0
DALE R KERNS JR (LIB)  .  .  .  .  .  .  .,3
WRITE-IN.  .  .  .  .  .  .  .  .  .  .  .,0
,
,
Governor and Lieutenant Governor,
VOTE FOR  1,
TOM WOLF (DEM).  .  .  .  .  .  .  .  .  .,42
SCOTT R WAGNER (REP).  .  .  .  .  .  .  .,131
PAUL GLOVER (GR) .  .  .  .  .  .  .  .  .,0
KEN V KRAWCHUK (LIB).  .  .  .  .  .  .  .,2
WRITE-IN.  .  .  .  .  .  .  .  .  .  .  .,0
,
,
Representative in Congress 15TH DISTRICT,
VOTE FOR  1,
SUSAN BOSER (DEM).  .  .  .  .  .  .  .  .,35
GLENN GT THOMPSON (REP).  .  .  .  .  .  .,141
WRITE-IN.  .  .  .  .  .  .  .  .  .  .  .,1
,
,
Representative in the General Assembly 75TH,DISTRI
VOTE FOR  1,
MATT GABLER (REP/DEM)  .  .  .  .  .  .  .,168
WRITE-IN.  .  .  .  .  .  .  .  .  .  .  .,2
,
PRECINCT REPORT       UNOFFICIAL RESULTS,
RUN DATE:11/16/18,
RUN TIME:10:51 AM,
,
0045 Goshen Township,
,VOTES
REGISTERED VOTERS - TOTAL .  .  .  .  .  .,252
BALLOTS CAST - TOTAL.  .  .  .  .  .  .  .,148
VOTER TURNOUT - TOTAL  .  .  .  .  .  .  .,
,
,
Straight Party,
VOTE FOR  1,
Democratic (DEM) .  .  .  .  .  .  .  .  .,8
Republican (REP) .  .  .  .  .  .  .  .  .,85
Green (GR) .  .  .  .  .  .  .  .  .  .  .,2
Libertarian (LIB).  .  .  .  .  .  .  .  .,0
,
,
United States Senator,
VOTE FOR  1,
BOB CASEY JR (DEM)  .  .  .  .  .  .  .  .,27
LOU BARLETTA (REP)  .  .  .  .  .  .  .  .,117
NEAL GALE (GR).  .  .  .  .  .  .  .  .  .,2
DALE R KERNS JR (LIB)  .  .  .  .  .  .  .,2
WRITE-IN.  .  .  .  .  .  .  .  .  .  .  .,0
,
,
Governor and Lieutenant Governor,
VOTE FOR  1,
TOM WOLF (DEM).  .  .  .  .  .  .  .  .  .,19
SCOTT R WAGNER (REP).  .  .  .  .  .  .  .,125
PAUL GLOVER (GR) .  .  .  .  .  .  .  .  .,4
KEN V KRAWCHUK (LIB).  .  .  .  .  .  .  .,0
WRITE-IN.  .  .  .  .  .  .  .  .  .  .  .,0
,
,
Representative in Congress 15TH DISTRICT,
VOTE FOR  1,
SUSAN BOSER (DEM).  .  .  .  .  .  .  .  .,26
GLENN GT THOMPSON (REP).  .  .  .  .  .  .,122
WRITE-IN.  .  .  .  .  .  .  .  .  .  .  .,0
,
,
Representative in the General Assembly 75TH,DISTRI
VOTE FOR  1,
MATT GABLER (REP/DEM)  .  .  .  .  .  .  .,142
WRITE-IN.  .  .  .  .  .  .  .  .  .  .  .,1
,
PRECINCT REPORT       UNOFFICIAL RESULTS,
RUN DATE:11/16/18,
RUN TIME:10:51 AM,
,
0046 Graham Township,
,VOTES
REGISTERED VOTERS - TOTAL .  .  .  .  .  .,859
BALLOTS CAST - TOTAL.  .  .  .  .  .  .  .,526
VOTER TURNOUT - TOTAL  .  .  .  .  .  .  .,
,
,
Straight Party,
VOTE FOR  1,
Democratic (DEM) .  .  .  .  .  .  .  .  .,82
Republican (REP) .  .  .  .  .  .  .  .  .,243
Green (GR) .  .  .  .  .  .  .  .  .  .  .,1
Libertarian (LIB).  .  .  .  .  .  .  .  .,0
,
,
United States Senator,
VOTE FOR  1,
BOB CASEY JR (DEM)  .  .  .  .  .  .  .  .,164
LOU BARLETTA (REP)  .  .  .  .  .  .  .  .,345
NEAL GALE (GR).  .  .  .  .  .  .  .  .  .,5
DALE R KERNS JR (LIB)  .  .  .  .  .  .  .,7
WRITE-IN.  .  .  .  .  .  .  .  .  .  .  .,0
,
,
Governor and Lieutenant Governor,
VOTE FOR  1,
TOM WOLF (DEM).  .  .  .  .  .  .  .  .  .,165
SCOTT R WAGNER (REP).  .  .  .  .  .  .  .,353
PAUL GLOVER (GR) .  .  .  .  .  .  .  .  .,1
KEN V KRAWCHUK (LIB).  .  .  .  .  .  .  .,5
WRITE-IN.  .  .  .  .  .  .  .  .  .  .  .,0
,
,
Representative in Congress 15TH DISTRICT,
VOTE FOR  1,
SUSAN BOSER (DEM).  .  .  .  .  .  .  .  .,123
GLENN GT THOMPSON (REP).  .  .  .  .  .  .,400
WRITE-IN.  .  .  .  .  .  .  .  .  .  .  .,0
,
,
Representative in the General Assembly 75TH,DISTRI
VOTE FOR  1,
MATT GABLER (REP/DEM)  .  .  .  .  .  .  .,493
WRITE-IN.  .  .  .  .  .  .  .  .  .  .  .,3
,
PRECINCT REPORT       UNOFFICIAL RESULTS,
RUN DATE:11/16/18,
RUN TIME:10:51 AM,
,
0047 Greenwood Township,
,VOTES
REGISTERED VOTERS - TOTAL .  .  .  .  .  .,229
BALLOTS CAST - TOTAL.  .  .  .  .  .  .  .,151
VOTER TURNOUT - TOTAL  .  .  .  .  .  .  .,
,
,
Straight Party,
VOTE FOR  1,
Democratic (DEM) .  .  .  .  .  .  .  .  .,16
Republican (REP) .  .  .  .  .  .  .  .  .,74
Green (GR) .  .  .  .  .  .  .  .  .  .  .,0
Libertarian (LIB).  .  .  .  .  .  .  .  .,1
,
,
United States Senator,
VOTE FOR  1,
BOB CASEY JR (DEM)  .  .  .  .  .  .  .  .,34
LOU BARLETTA (REP)  .  .  .  .  .  .  .  .,113
NEAL GALE (GR).  .  .  .  .  .  .  .  .  .,1
DALE R KERNS JR (LIB)  .  .  .  .  .  .  .,1
WRITE-IN.  .  .  .  .  .  .  .  .  .  .  .,0
,
,
Governor and Lieutenant Governor,
VOTE FOR  1,
TOM WOLF (DEM).  .  .  .  .  .  .  .  .  .,30
SCOTT R WAGNER (REP).  .  .  .  .  .  .  .,119
PAUL GLOVER (GR) .  .  .  .  .  .  .  .  .,0
KEN V KRAWCHUK (LIB).  .  .  .  .  .  .  .,1
WRITE-IN.  .  .  .  .  .  .  .  .  .  .  .,0
,
,
Representative in Congress 15TH DISTRICT,
VOTE FOR  1,
SUSAN BOSER (DEM).  .  .  .  .  .  .  .  .,24
GLENN GT THOMPSON (REP).  .  .  .  .  .  .,126
WRITE-IN.  .  .  .  .  .  .  .  .  .  .  .,1
,
,
Representative in the General Assembly 73RD,DISTRI
VOTE FOR  1,
TOMMY SANKEY (REP/DEM) .  .  .  .  .  .  .,142
WRITE-IN.  .  .  .  .  .  .  .  .  .  .  .,2
,
PRECINCT REPORT       UNOFFICIAL RESULTS,
RUN DATE:11/16/18,
RUN TIME:10:51 AM,
,
0048 Gulich Township,
,VOTES
REGISTERED VOTERS - TOTAL .  .  .  .  .  .,813
BALLOTS CAST - TOTAL.  .  .  .  .  .  .  .,494
VOTER TURNOUT - TOTAL  .  .  .  .  .  .  .,
,
,
Straight Party,
VOTE FOR  1,
Democratic (DEM) .  .  .  .  .  .  .  .  .,78
Republican (REP) .  .  .  .  .  .  .  .  .,172
Green (GR) .  .  .  .  .  .  .  .  .  .  .,0
Libertarian (LIB).  .  .  .  .  .  .  .  .,1
,
,
United States Senator,
VOTE FOR  1,
BOB CASEY JR (DEM)  .  .  .  .  .  .  .  .,222
LOU BARLETTA (REP)  .  .  .  .  .  .  .  .,258
NEAL GALE (GR).  .  .  .  .  .  .  .  .  .,5
DALE R KERNS JR (LIB)  .  .  .  .  .  .  .,4
WRITE-IN.  .  .  .  .  .  .  .  .  .  .  .,0
,
,
Governor and Lieutenant Governor,
VOTE FOR  1,
TOM WOLF (DEM).  .  .  .  .  .  .  .  .  .,207
SCOTT R WAGNER (REP).  .  .  .  .  .  .  .,279
PAUL GLOVER (GR) .  .  .  .  .  .  .  .  .,2
KEN V KRAWCHUK (LIB).  .  .  .  .  .  .  .,2
WRITE-IN.  .  .  .  .  .  .  .  .  .  .  .,0
,
,
Representative in Congress 15TH DISTRICT,
VOTE FOR  1,
SUSAN BOSER (DEM).  .  .  .  .  .  .  .  .,154
GLENN GT THOMPSON (REP).  .  .  .  .  .  .,335
WRITE-IN.  .  .  .  .  .  .  .  .  .  .  .,0
,
,
Representative in the General Assembly 73RD,DISTRI
VOTE FOR  1,
TOMMY SANKEY (REP/DEM) .  .  .  .  .  .  .,469
WRITE-IN.  .  .  .  .  .  .  .  .  .  .  .,5
,
PRECINCT REPORT       UNOFFICIAL RESULTS,
RUN DATE:11/16/18,
RUN TIME:10:51 AM,
,
0049 Huston Township,
,VOTES
REGISTERED VOTERS - TOTAL .  .  .  .  .  .,815
BALLOTS CAST - TOTAL.  .  .  .  .  .  .  .,456
VOTER TURNOUT - TOTAL  .  .  .  .  .  .  .,
,
,
Straight Party,
VOTE FOR  1,
Democratic (DEM) .  .  .  .  .  .  .  .  .,78
Republican (REP) .  .  .  .  .  .  .  .  .,188
Green (GR) .  .  .  .  .  .  .  .  .  .  .,0
Libertarian (LIB).  .  .  .  .  .  .  .  .,0
,
,
United States Senator,
VOTE FOR  1,
BOB CASEY JR (DEM)  .  .  .  .  .  .  .  .,150
LOU BARLETTA (REP)  .  .  .  .  .  .  .  .,301
NEAL GALE (GR).  .  .  .  .  .  .  .  .  .,3
DALE R KERNS JR (LIB)  .  .  .  .  .  .  .,2
WRITE-IN.  .  .  .  .  .  .  .  .  .  .  .,0
,
,
Governor and Lieutenant Governor,
VOTE FOR  1,
TOM WOLF (DEM).  .  .  .  .  .  .  .  .  .,146
SCOTT R WAGNER (REP).  .  .  .  .  .  .  .,297
PAUL GLOVER (GR) .  .  .  .  .  .  .  .  .,6
KEN V KRAWCHUK (LIB).  .  .  .  .  .  .  .,5
WRITE-IN.  .  .  .  .  .  .  .  .  .  .  .,0
,
,
Representative in Congress 15TH DISTRICT,
VOTE FOR  1,
SUSAN BOSER (DEM).  .  .  .  .  .  .  .  .,123
GLENN GT THOMPSON (REP).  .  .  .  .  .  .,330
WRITE-IN.  .  .  .  .  .  .  .  .  .  .  .,1
,
,
Representative in the General Assembly 75TH,DISTRI
VOTE FOR  1,
MATT GABLER (REP/DEM)  .  .  .  .  .  .  .,442
WRITE-IN.  .  .  .  .  .  .  .  .  .  .  .,5
,
PRECINCT REPORT       UNOFFICIAL RESULTS,
RUN DATE:11/16/18,
RUN TIME:10:51 AM,
,
0050 Jordan Township,
,VOTES
REGISTERED VOTERS - TOTAL .  .  .  .  .  .,243
BALLOTS CAST - TOTAL.  .  .  .  .  .  .  .,166
VOTER TURNOUT - TOTAL  .  .  .  .  .  .  .,
,
,
Straight Party,
VOTE FOR  1,
Democratic (DEM) .  .  .  .  .  .  .  .  .,11
Republican (REP) .  .  .  .  .  .  .  .  .,77
Green (GR) .  .  .  .  .  .  .  .  .  .  .,0
Libertarian (LIB).  .  .  .  .  .  .  .  .,0
,
,
United States Senator,
VOTE FOR  1,
BOB CASEY JR (DEM)  .  .  .  .  .  .  .  .,32
LOU BARLETTA (REP)  .  .  .  .  .  .  .  .,128
NEAL GALE (GR).  .  .  .  .  .  .  .  .  .,2
DALE R KERNS JR (LIB)  .  .  .  .  .  .  .,1
WRITE-IN.  .  .  .  .  .  .  .  .  .  .  .,0
,
,
Governor and Lieutenant Governor,
VOTE FOR  1,
TOM WOLF (DEM).  .  .  .  .  .  .  .  .  .,29
SCOTT R WAGNER (REP).  .  .  .  .  .  .  .,137
PAUL GLOVER (GR) .  .  .  .  .  .  .  .  .,0
KEN V KRAWCHUK (LIB).  .  .  .  .  .  .  .,0
WRITE-IN.  .  .  .  .  .  .  .  .  .  .  .,0
,
,
Representative in Congress 15TH DISTRICT,
VOTE FOR  1,
SUSAN BOSER (DEM).  .  .  .  .  .  .  .  .,21
GLENN GT THOMPSON (REP).  .  .  .  .  .  .,144
WRITE-IN.  .  .  .  .  .  .  .  .  .  .  .,0
,
,
Representative in the General Assembly 73RD,DISTRI
VOTE FOR  1,
TOMMY SANKEY (REP/DEM) .  .  .  .  .  .  .,160
WRITE-IN.  .  .  .  .  .  .  .  .  .  .  .,3
,
PRECINCT REPORT       UNOFFICIAL RESULTS,
RUN DATE:11/16/18,
RUN TIME:10:51 AM,
,
0051 Karthaus Township,
,VOTES
REGISTERED VOTERS - TOTAL .  .  .  .  .  .,295
BALLOTS CAST - TOTAL.  .  .  .  .  .  .  .,173
VOTER TURNOUT - TOTAL  .  .  .  .  .  .  .,
,
,
Straight Party,
VOTE FOR  1,
Democratic (DEM) .  .  .  .  .  .  .  .  .,24
Republican (REP) .  .  .  .  .  .  .  .  .,86
Green (GR) .  .  .  .  .  .  .  .  .  .  .,0
Libertarian (LIB).  .  .  .  .  .  .  .  .,0
,
,
United States Senator,
VOTE FOR  1,
BOB CASEY JR (DEM)  .  .  .  .  .  .  .  .,44
LOU BARLETTA (REP)  .  .  .  .  .  .  .  .,127
NEAL GALE (GR).  .  .  .  .  .  .  .  .  .,0
DALE R KERNS JR (LIB)  .  .  .  .  .  .  .,1
WRITE-IN.  .  .  .  .  .  .  .  .  .  .  .,0
,
,
Governor and Lieutenant Governor,
VOTE FOR  1,
TOM WOLF (DEM).  .  .  .  .  .  .  .  .  .,42
SCOTT R WAGNER (REP).  .  .  .  .  .  .  .,129
PAUL GLOVER (GR) .  .  .  .  .  .  .  .  .,0
KEN V KRAWCHUK (LIB).  .  .  .  .  .  .  .,2
WRITE-IN.  .  .  .  .  .  .  .  .  .  .  .,0
,
,
Representative in Congress 15TH DISTRICT,
VOTE FOR  1,
SUSAN BOSER (DEM).  .  .  .  .  .  .  .  .,35
GLENN GT THOMPSON (REP).  .  .  .  .  .  .,138
WRITE-IN.  .  .  .  .  .  .  .  .  .  .  .,0
,
,
Representative in the General Assembly 75TH,DISTRI
VOTE FOR  1,
MATT GABLER (REP/DEM)  .  .  .  .  .  .  .,167
WRITE-IN.  .  .  .  .  .  .  .  .  .  .  .,2
,
PRECINCT REPORT       UNOFFICIAL RESULTS,
RUN DATE:11/16/18,
RUN TIME:10:51 AM,
,
0052 Knox Township,
,VOTES
REGISTERED VOTERS - TOTAL .  .  .  .  .  .,353
BALLOTS CAST - TOTAL.  .  .  .  .  .  .  .,202
VOTER TURNOUT - TOTAL  .  .  .  .  .  .  .,
,
,
Straight Party,
VOTE FOR  1,
Democratic (DEM) .  .  .  .  .  .  .  .  .,25
Republican (REP) .  .  .  .  .  .  .  .  .,97
Green (GR) .  .  .  .  .  .  .  .  .  .  .,0
Libertarian (LIB).  .  .  .  .  .  .  .  .,1
,
,
United States Senator,
VOTE FOR  1,
BOB CASEY JR (DEM)  .  .  .  .  .  .  .  .,55
LOU BARLETTA (REP)  .  .  .  .  .  .  .  .,139
NEAL GALE (GR).  .  .  .  .  .  .  .  .  .,1
DALE R KERNS JR (LIB)  .  .  .  .  .  .  .,4
WRITE-IN.  .  .  .  .  .  .  .  .  .  .  .,0
,
,
Governor and Lieutenant Governor,
VOTE FOR  1,
TOM WOLF (DEM).  .  .  .  .  .  .  .  .  .,54
SCOTT R WAGNER (REP).  .  .  .  .  .  .  .,143
PAUL GLOVER (GR) .  .  .  .  .  .  .  .  .,2
KEN V KRAWCHUK (LIB).  .  .  .  .  .  .  .,1
WRITE-IN.  .  .  .  .  .  .  .  .  .  .  .,0
,
,
Representative in Congress 15TH DISTRICT,
VOTE FOR  1,
SUSAN BOSER (DEM).  .  .  .  .  .  .  .  .,40
GLENN GT THOMPSON (REP).  .  .  .  .  .  .,161
WRITE-IN.  .  .  .  .  .  .  .  .  .  .  .,0
,
,
Representative in the General Assembly 73RD,DISTRI
VOTE FOR  1,
TOMMY SANKEY (REP/DEM) .  .  .  .  .  .  .,190
WRITE-IN.  .  .  .  .  .  .  .  .  .  .  .,1
,
PRECINCT REPORT       UNOFFICIAL RESULTS,
RUN DATE:11/16/18,
RUN TIME:10:51 AM,
,
0053 Lawrence Twp Glen Richey,
,VOTES
REGISTERED VOTERS - TOTAL .  .  .  .  .  .,471
BALLOTS CAST - TOTAL.  .  .  .  .  .  .  .,270
VOTER TURNOUT - TOTAL  .  .  .  .  .  .  .,
,
,
Straight Party,
VOTE FOR  1,
Democratic (DEM) .  .  .  .  .  .  .  .  .,39
Republican (REP) .  .  .  .  .  .  .  .  .,98
Green (GR) .  .  .  .  .  .  .  .  .  .  .,0
Libertarian (LIB).  .  .  .  .  .  .  .  .,0
,
,
United States Senator,
VOTE FOR  1,
BOB CASEY JR (DEM)  .  .  .  .  .  .  .  .,119
LOU BARLETTA (REP)  .  .  .  .  .  .  .  .,143
NEAL GALE (GR).  .  .  .  .  .  .  .  .  .,2
DALE R KERNS JR (LIB)  .  .  .  .  .  .  .,3
WRITE-IN.  .  .  .  .  .  .  .  .  .  .  .,0
,
,
Governor and Lieutenant Governor,
VOTE FOR  1,
TOM WOLF (DEM).  .  .  .  .  .  .  .  .  .,98
SCOTT R WAGNER (REP).  .  .  .  .  .  .  .,165
PAUL GLOVER (GR) .  .  .  .  .  .  .  .  .,4
KEN V KRAWCHUK (LIB).  .  .  .  .  .  .  .,1
WRITE-IN.  .  .  .  .  .  .  .  .  .  .  .,0
,
,
Representative in Congress 15TH DISTRICT,
VOTE FOR  1,
SUSAN BOSER (DEM).  .  .  .  .  .  .  .  .,74
GLENN GT THOMPSON (REP).  .  .  .  .  .  .,194
WRITE-IN.  .  .  .  .  .  .  .  .  .  .  .,0
,
,
Representative in the General Assembly 73RD,DISTRI
VOTE FOR  1,
TOMMY SANKEY (REP/DEM) .  .  .  .  .  .  .,256
WRITE-IN.  .  .  .  .  .  .  .  .  .  .  .,0
,
PRECINCT REPORT       UNOFFICIAL RESULTS,
RUN DATE:11/16/18,
RUN TIME:10:51 AM,
,
0054 Lawrence Township Golden,
,VOTES
REGISTERED VOTERS - TOTAL .  .  .  .  .  .,1090
BALLOTS CAST - TOTAL.  .  .  .  .  .  .  .,669
VOTER TURNOUT - TOTAL  .  .  .  .  .  .  .,
,
,
Straight Party,
VOTE FOR  1,
Democratic (DEM) .  .  .  .  .  .  .  .  .,107
Republican (REP) .  .  .  .  .  .  .  .  .,243
Green (GR) .  .  .  .  .  .  .  .  .  .  .,0
Libertarian (LIB).  .  .  .  .  .  .  .  .,0
,
,
United States Senator,
VOTE FOR  1,
BOB CASEY JR (DEM)  .  .  .  .  .  .  .  .,278
LOU BARLETTA (REP)  .  .  .  .  .  .  .  .,384
NEAL GALE (GR).  .  .  .  .  .  .  .  .  .,1
DALE R KERNS JR (LIB)  .  .  .  .  .  .  .,4
WRITE-IN.  .  .  .  .  .  .  .  .  .  .  .,0
,
,
Governor and Lieutenant Governor,
VOTE FOR  1,
TOM WOLF (DEM).  .  .  .  .  .  .  .  .  .,275
SCOTT R WAGNER (REP).  .  .  .  .  .  .  .,380
PAUL GLOVER (GR) .  .  .  .  .  .  .  .  .,4
KEN V KRAWCHUK (LIB).  .  .  .  .  .  .  .,6
WRITE-IN.  .  .  .  .  .  .  .  .  .  .  .,0
,
,
Representative in Congress 15TH DISTRICT,
VOTE FOR  1,
SUSAN BOSER (DEM).  .  .  .  .  .  .  .  .,200
GLENN GT THOMPSON (REP).  .  .  .  .  .  .,465
WRITE-IN.  .  .  .  .  .  .  .  .  .  .  .,0
,
,
Representative in the General Assembly 73RD,DISTRI
VOTE FOR  1,
TOMMY SANKEY (REP/DEM) .  .  .  .  .  .  .,631
WRITE-IN.  .  .  .  .  .  .  .  .  .  .  .,5
,
PRECINCT REPORT       UNOFFICIAL RESULTS,
RUN DATE:11/16/18,
RUN TIME:10:51 AM,
,
0055 Lawrence Township Hyde,
,VOTES
REGISTERED VOTERS - TOTAL .  .  .  .  .  .,1625
BALLOTS CAST - TOTAL.  .  .  .  .  .  .  .,966
VOTER TURNOUT - TOTAL  .  .  .  .  .  .  .,
,
,
Straight Party,
VOTE FOR  1,
Democratic (DEM) .  .  .  .  .  .  .  .  .,157
Republican (REP) .  .  .  .  .  .  .  .  .,328
Green (GR) .  .  .  .  .  .  .  .  .  .  .,1
Libertarian (LIB).  .  .  .  .  .  .  .  .,0
,
,
United States Senator,
VOTE FOR  1,
BOB CASEY JR (DEM)  .  .  .  .  .  .  .  .,372
LOU BARLETTA (REP)  .  .  .  .  .  .  .  .,573
NEAL GALE (GR).  .  .  .  .  .  .  .  .  .,5
DALE R KERNS JR (LIB)  .  .  .  .  .  .  .,8
WRITE-IN.  .  .  .  .  .  .  .  .  .  .  .,0
,
,
Governor and Lieutenant Governor,
VOTE FOR  1,
TOM WOLF (DEM).  .  .  .  .  .  .  .  .  .,355
SCOTT R WAGNER (REP).  .  .  .  .  .  .  .,595
PAUL GLOVER (GR) .  .  .  .  .  .  .  .  .,4
KEN V KRAWCHUK (LIB).  .  .  .  .  .  .  .,5
WRITE-IN.  .  .  .  .  .  .  .  .  .  .  .,2
,
,
Representative in Congress 15TH DISTRICT,
VOTE FOR  1,
SUSAN BOSER (DEM).  .  .  .  .  .  .  .  .,292
GLENN GT THOMPSON (REP).  .  .  .  .  .  .,670
WRITE-IN.  .  .  .  .  .  .  .  .  .  .  .,0
,
,
Representative in the General Assembly 73RD,DISTRI
VOTE FOR  1,
TOMMY SANKEY (REP/DEM) .  .  .  .  .  .  .,913
WRITE-IN.  .  .  .  .  .  .  .  .  .  .  .,11
,
PRECINCT REPORT       UNOFFICIAL RESULTS,
RUN DATE:11/16/18,
RUN TIME:10:51 AM,
,
0056 Lawrence Twp Plympton,
,VOTES
REGISTERED VOTERS - TOTAL .  .  .  .  .  .,1254
BALLOTS CAST - TOTAL.  .  .  .  .  .  .  .,739
VOTER TURNOUT - TOTAL  .  .  .  .  .  .  .,
,
,
Straight Party,
VOTE FOR  1,
Democratic (DEM) .  .  .  .  .  .  .  .  .,115
Republican (REP) .  .  .  .  .  .  .  .  .,316
Green (GR) .  .  .  .  .  .  .  .  .  .  .,1
Libertarian (LIB).  .  .  .  .  .  .  .  .,2
,
,
United States Senator,
VOTE FOR  1,
BOB CASEY JR (DEM)  .  .  .  .  .  .  .  .,259
LOU BARLETTA (REP)  .  .  .  .  .  .  .  .,462
NEAL GALE (GR).  .  .  .  .  .  .  .  .  .,5
DALE R KERNS JR (LIB)  .  .  .  .  .  .  .,7
WRITE-IN.  .  .  .  .  .  .  .  .  .  .  .,0
,
,
Governor and Lieutenant Governor,
VOTE FOR  1,
TOM WOLF (DEM).  .  .  .  .  .  .  .  .  .,244
SCOTT R WAGNER (REP).  .  .  .  .  .  .  .,477
PAUL GLOVER (GR) .  .  .  .  .  .  .  .  .,5
KEN V KRAWCHUK (LIB).  .  .  .  .  .  .  .,10
WRITE-IN.  .  .  .  .  .  .  .  .  .  .  .,0
,
,
Representative in Congress 15TH DISTRICT,
VOTE FOR  1,
SUSAN BOSER (DEM).  .  .  .  .  .  .  .  .,202
GLENN GT THOMPSON (REP).  .  .  .  .  .  .,529
WRITE-IN.  .  .  .  .  .  .  .  .  .  .  .,0
,
,
Representative in the General Assembly 75TH,DISTRI
VOTE FOR  1,
MATT GABLER (REP/DEM)  .  .  .  .  .  .  .,704
WRITE-IN.  .  .  .  .  .  .  .  .  .  .  .,7
,
PRECINCT REPORT       UNOFFICIAL RESULTS,
RUN DATE:11/16/18,
RUN TIME:10:51 AM,
,
0057 Morris Township 1st,
,VOTES
REGISTERED VOTERS - TOTAL .  .  .  .  .  .,1119
BALLOTS CAST - TOTAL.  .  .  .  .  .  .  .,631
VOTER TURNOUT - TOTAL  .  .  .  .  .  .  .,
,
,
Straight Party,
VOTE FOR  1,
Democratic (DEM) .  .  .  .  .  .  .  .  .,102
Republican (REP) .  .  .  .  .  .  .  .  .,278
Green (GR) .  .  .  .  .  .  .  .  .  .  .,1
Libertarian (LIB).  .  .  .  .  .  .  .  .,1
,
,
United States Senator,
VOTE FOR  1,
BOB CASEY JR (DEM)  .  .  .  .  .  .  .  .,218
LOU BARLETTA (REP)  .  .  .  .  .  .  .  .,395
NEAL GALE (GR).  .  .  .  .  .  .  .  .  .,5
DALE R KERNS JR (LIB)  .  .  .  .  .  .  .,5
WRITE-IN.  .  .  .  .  .  .  .  .  .  .  .,1
,
,
Governor and Lieutenant Governor,
VOTE FOR  1,
TOM WOLF (DEM).  .  .  .  .  .  .  .  .  .,222
SCOTT R WAGNER (REP).  .  .  .  .  .  .  .,397
PAUL GLOVER (GR) .  .  .  .  .  .  .  .  .,3
KEN V KRAWCHUK (LIB).  .  .  .  .  .  .  .,6
WRITE-IN.  .  .  .  .  .  .  .  .  .  .  .,0
,
,
Representative in Congress 15TH DISTRICT,
VOTE FOR  1,
SUSAN BOSER (DEM).  .  .  .  .  .  .  .  .,157
GLENN GT THOMPSON (REP).  .  .  .  .  .  .,469
WRITE-IN.  .  .  .  .  .  .  .  .  .  .  .,1
,
,
Representative in the General Assembly 73RD,DISTRI
VOTE FOR  1,
TOMMY SANKEY (REP/DEM) .  .  .  .  .  .  .,612
WRITE-IN.  .  .  .  .  .  .  .  .  .  .  .,7
,
PRECINCT REPORT       UNOFFICIAL RESULTS,
RUN DATE:11/16/18,
RUN TIME:10:51 AM,
,
0058 Morris Township 2nd,
,VOTES
REGISTERED VOTERS - TOTAL .  .  .  .  .  .,573
BALLOTS CAST - TOTAL.  .  .  .  .  .  .  .,326
VOTER TURNOUT - TOTAL  .  .  .  .  .  .  .,
,
,
Straight Party,
VOTE FOR  1,
Democratic (DEM) .  .  .  .  .  .  .  .  .,68
Republican (REP) .  .  .  .  .  .  .  .  .,105
Green (GR) .  .  .  .  .  .  .  .  .  .  .,0
Libertarian (LIB).  .  .  .  .  .  .  .  .,0
,
,
United States Senator,
VOTE FOR  1,
BOB CASEY JR (DEM)  .  .  .  .  .  .  .  .,146
LOU BARLETTA (REP)  .  .  .  .  .  .  .  .,176
NEAL GALE (GR).  .  .  .  .  .  .  .  .  .,1
DALE R KERNS JR (LIB)  .  .  .  .  .  .  .,1
WRITE-IN.  .  .  .  .  .  .  .  .  .  .  .,0
,
,
Governor and Lieutenant Governor,
VOTE FOR  1,
TOM WOLF (DEM).  .  .  .  .  .  .  .  .  .,154
SCOTT R WAGNER (REP).  .  .  .  .  .  .  .,169
PAUL GLOVER (GR) .  .  .  .  .  .  .  .  .,3
KEN V KRAWCHUK (LIB).  .  .  .  .  .  .  .,0
WRITE-IN.  .  .  .  .  .  .  .  .  .  .  .,0
,
,
Representative in Congress 15TH DISTRICT,
VOTE FOR  1,
SUSAN BOSER (DEM).  .  .  .  .  .  .  .  .,117
GLENN GT THOMPSON (REP).  .  .  .  .  .  .,209
WRITE-IN.  .  .  .  .  .  .  .  .  .  .  .,0
,
,
Representative in the General Assembly 73RD,DISTRI
VOTE FOR  1,
TOMMY SANKEY (REP/DEM) .  .  .  .  .  .  .,305
WRITE-IN.  .  .  .  .  .  .  .  .  .  .  .,7
,
PRECINCT REPORT       UNOFFICIAL RESULTS,
RUN DATE:11/16/18,
RUN TIME:10:51 AM,
,
0059 Penn Township,
,VOTES
REGISTERED VOTERS - TOTAL .  .  .  .  .  .,0
BALLOTS CAST - TOTAL.  .  .  .  .  .  .  .,521
,
,
Straight Party,
VOTE FOR  1,
Democratic (DEM) .  .  .  .  .  .  .  .  .,44
Republican (REP) .  .  .  .  .  .  .  .  .,233
Green (GR) .  .  .  .  .  .  .  .  .  .  .,1
Libertarian (LIB).  .  .  .  .  .  .  .  .,0
,
,
United States Senator,
VOTE FOR  1,
BOB CASEY JR (DEM)  .  .  .  .  .  .  .  .,144
LOU BARLETTA (REP)  .  .  .  .  .  .  .  .,363
NEAL GALE (GR).  .  .  .  .  .  .  .  .  .,2
DALE R KERNS JR (LIB)  .  .  .  .  .  .  .,5
WRITE-IN.  .  .  .  .  .  .  .  .  .  .  .,0
,
,
Governor and Lieutenant Governor,
VOTE FOR  1,
TOM WOLF (DEM).  .  .  .  .  .  .  .  .  .,120
SCOTT R WAGNER (REP).  .  .  .  .  .  .  .,395
PAUL GLOVER (GR) .  .  .  .  .  .  .  .  .,1
KEN V KRAWCHUK (LIB).  .  .  .  .  .  .  .,3
WRITE-IN.  .  .  .  .  .  .  .  .  .  .  .,0
,
,
Representative in Congress 15TH DISTRICT,
VOTE FOR  1,
SUSAN BOSER (DEM).  .  .  .  .  .  .  .  .,101
GLENN GT THOMPSON (REP).  .  .  .  .  .  .,417
WRITE-IN.  .  .  .  .  .  .  .  .  .  .  .,0
,
,
Representative in the General Assembly 73RD,DISTRI
VOTE FOR  1,
TOMMY SANKEY (REP/DEM) .  .  .  .  .  .  .,500
WRITE-IN.  .  .  .  .  .  .  .  .  .  .  .,2
,
PRECINCT REPORT       UNOFFICIAL RESULTS,
RUN DATE:11/16/18,
RUN TIME:10:51 AM,
,
0060 Pike Township,
,VOTES
REGISTERED VOTERS - TOTAL .  .  .  .  .  .,1478
BALLOTS CAST - TOTAL.  .  .  .  .  .  .  .,896
VOTER TURNOUT - TOTAL  .  .  .  .  .  .  .,
,
,
Straight Party,
VOTE FOR  1,
Democratic (DEM) .  .  .  .  .  .  .  .  .,113
Republican (REP) .  .  .  .  .  .  .  .  .,404
Green (GR) .  .  .  .  .  .  .  .  .  .  .,0
Libertarian (LIB).  .  .  .  .  .  .  .  .,2
,
,
United States Senator,
VOTE FOR  1,
BOB CASEY JR (DEM)  .  .  .  .  .  .  .  .,293
LOU BARLETTA (REP)  .  .  .  .  .  .  .  .,583
NEAL GALE (GR).  .  .  .  .  .  .  .  .  .,3
DALE R KERNS JR (LIB)  .  .  .  .  .  .  .,6
WRITE-IN.  .  .  .  .  .  .  .  .  .  .  .,1
,
,
Governor and Lieutenant Governor,
VOTE FOR  1,
TOM WOLF (DEM).  .  .  .  .  .  .  .  .  .,264
SCOTT R WAGNER (REP).  .  .  .  .  .  .  .,613
PAUL GLOVER (GR) .  .  .  .  .  .  .  .  .,3
KEN V KRAWCHUK (LIB).  .  .  .  .  .  .  .,12
WRITE-IN.  .  .  .  .  .  .  .  .  .  .  .,0
,
,
Representative in Congress 15TH DISTRICT,
VOTE FOR  1,
SUSAN BOSER (DEM).  .  .  .  .  .  .  .  .,205
GLENN GT THOMPSON (REP).  .  .  .  .  .  .,682
WRITE-IN.  .  .  .  .  .  .  .  .  .  .  .,1
,
,
Representative in the General Assembly 73RD,DISTRI
VOTE FOR  1,
TOMMY SANKEY (REP/DEM) .  .  .  .  .  .  .,845
WRITE-IN.  .  .  .  .  .  .  .  .  .  .  .,10
,
PRECINCT REPORT       UNOFFICIAL RESULTS,
RUN DATE:11/16/18,
RUN TIME:10:51 AM,
,
0061 Pine Township,
,VOTES
REGISTERED VOTERS - TOTAL .  .  .  .  .  .,39
BALLOTS CAST - TOTAL.  .  .  .  .  .  .  .,26
VOTER TURNOUT - TOTAL  .  .  .  .  .  .  .,
,
,
Straight Party,
VOTE FOR  1,
Democratic (DEM) .  .  .  .  .  .  .  .  .,3
Republican (REP) .  .  .  .  .  .  .  .  .,12
Green (GR) .  .  .  .  .  .  .  .  .  .  .,0
Libertarian (LIB).  .  .  .  .  .  .  .  .,0
,
,
United States Senator,
VOTE FOR  1,
BOB CASEY JR (DEM)  .  .  .  .  .  .  .  .,8
LOU BARLETTA (REP)  .  .  .  .  .  .  .  .,17
NEAL GALE (GR).  .  .  .  .  .  .  .  .  .,0
DALE R KERNS JR (LIB)  .  .  .  .  .  .  .,0
WRITE-IN.  .  .  .  .  .  .  .  .  .  .  .,0
,
,
Governor and Lieutenant Governor,
VOTE FOR  1,
TOM WOLF (DEM).  .  .  .  .  .  .  .  .  .,7
SCOTT R WAGNER (REP).  .  .  .  .  .  .  .,18
PAUL GLOVER (GR) .  .  .  .  .  .  .  .  .,1
KEN V KRAWCHUK (LIB).  .  .  .  .  .  .  .,0
WRITE-IN.  .  .  .  .  .  .  .  .  .  .  .,0
,
,
Representative in Congress 15TH DISTRICT,
VOTE FOR  1,
SUSAN BOSER (DEM).  .  .  .  .  .  .  .  .,7
GLENN GT THOMPSON (REP).  .  .  .  .  .  .,18
WRITE-IN.  .  .  .  .  .  .  .  .  .  .  .,0
,
,
Representative in the General Assembly 75TH,DISTRI
VOTE FOR  1,
MATT GABLER (REP/DEM)  .  .  .  .  .  .  .,23
WRITE-IN.  .  .  .  .  .  .  .  .  .  .  .,0
,
PRECINCT REPORT       UNOFFICIAL RESULTS,
RUN DATE:11/16/18,
RUN TIME:10:51 AM,
,
0062 Sandy Twp Falls Creek 1,
,VOTES
REGISTERED VOTERS - TOTAL .  .  .  .  .  .,662
BALLOTS CAST - TOTAL.  .  .  .  .  .  .  .,423
VOTER TURNOUT - TOTAL  .  .  .  .  .  .  .,
,
,
Straight Party,
VOTE FOR  1,
Democratic (DEM) .  .  .  .  .  .  .  .  .,78
Republican (REP) .  .  .  .  .  .  .  .  .,183
Green (GR) .  .  .  .  .  .  .  .  .  .  .,0
Libertarian (LIB).  .  .  .  .  .  .  .  .,0
,
,
United States Senator,
VOTE FOR  1,
BOB CASEY JR (DEM)  .  .  .  .  .  .  .  .,161
LOU BARLETTA (REP)  .  .  .  .  .  .  .  .,257
NEAL GALE (GR).  .  .  .  .  .  .  .  .  .,2
DALE R KERNS JR (LIB)  .  .  .  .  .  .  .,1
WRITE-IN.  .  .  .  .  .  .  .  .  .  .  .,0
,
,
Governor and Lieutenant Governor,
VOTE FOR  1,
TOM WOLF (DEM).  .  .  .  .  .  .  .  .  .,154
SCOTT R WAGNER (REP).  .  .  .  .  .  .  .,266
PAUL GLOVER (GR) .  .  .  .  .  .  .  .  .,2
KEN V KRAWCHUK (LIB).  .  .  .  .  .  .  .,0
WRITE-IN.  .  .  .  .  .  .  .  .  .  .  .,0
,
,
Representative in Congress 15TH DISTRICT,
VOTE FOR  1,
SUSAN BOSER (DEM).  .  .  .  .  .  .  .  .,135
GLENN GT THOMPSON (REP).  .  .  .  .  .  .,288
WRITE-IN.  .  .  .  .  .  .  .  .  .  .  .,0
,
,
Representative in the General Assembly 75TH,DISTRI
VOTE FOR  1,
MATT GABLER (REP/DEM)  .  .  .  .  .  .  .,405
WRITE-IN.  .  .  .  .  .  .  .  .  .  .  .,7
,
PRECINCT REPORT       UNOFFICIAL RESULTS,
RUN DATE:11/16/18,
RUN TIME:10:51 AM,
,
0063 Sandy Twp Falls Creek 2,
,VOTES
REGISTERED VOTERS - TOTAL .  .  .  .  .  .,32
BALLOTS CAST - TOTAL.  .  .  .  .  .  .  .,10
VOTER TURNOUT - TOTAL  .  .  .  .  .  .  .,
,
,
Straight Party,
VOTE FOR  1,
Democratic (DEM) .  .  .  .  .  .  .  .  .,1
Republican (REP) .  .  .  .  .  .  .  .  .,4
Green (GR) .  .  .  .  .  .  .  .  .  .  .,0
Libertarian (LIB).  .  .  .  .  .  .  .  .,0
,
,
United States Senator,
VOTE FOR  1,
BOB CASEY JR (DEM)  .  .  .  .  .  .  .  .,2
LOU BARLETTA (REP)  .  .  .  .  .  .  .  .,8
NEAL GALE (GR).  .  .  .  .  .  .  .  .  .,0
DALE R KERNS JR (LIB)  .  .  .  .  .  .  .,0
WRITE-IN.  .  .  .  .  .  .  .  .  .  .  .,0
,
,
Governor and Lieutenant Governor,
VOTE FOR  1,
TOM WOLF (DEM).  .  .  .  .  .  .  .  .  .,1
SCOTT R WAGNER (REP).  .  .  .  .  .  .  .,9
PAUL GLOVER (GR) .  .  .  .  .  .  .  .  .,0
KEN V KRAWCHUK (LIB).  .  .  .  .  .  .  .,0
WRITE-IN.  .  .  .  .  .  .  .  .  .  .  .,0
,
,
Representative in Congress 15TH DISTRICT,
VOTE FOR  1,
SUSAN BOSER (DEM).  .  .  .  .  .  .  .  .,2
GLENN GT THOMPSON (REP).  .  .  .  .  .  .,8
WRITE-IN.  .  .  .  .  .  .  .  .  .  .  .,0
,
,
Representative in the General Assembly 75TH,DISTRI
VOTE FOR  1,
MATT GABLER (REP/DEM)  .  .  .  .  .  .  .,9
WRITE-IN.  .  .  .  .  .  .  .  .  .  .  .,0
,
PRECINCT REPORT       UNOFFICIAL RESULTS,
RUN DATE:11/16/18,
RUN TIME:10:51 AM,
,
0064 Sandy Township Oklahoma,
,VOTES
REGISTERED VOTERS - TOTAL .  .  .  .  .  .,989
BALLOTS CAST - TOTAL.  .  .  .  .  .  .  .,579
VOTER TURNOUT - TOTAL  .  .  .  .  .  .  .,
,
,
Straight Party,
VOTE FOR  1,
Democratic (DEM) .  .  .  .  .  .  .  .  .,76
Republican (REP) .  .  .  .  .  .  .  .  .,276
Green (GR) .  .  .  .  .  .  .  .  .  .  .,0
Libertarian (LIB).  .  .  .  .  .  .  .  .,0
,
,
United States Senator,
VOTE FOR  1,
BOB CASEY JR (DEM)  .  .  .  .  .  .  .  .,174
LOU BARLETTA (REP)  .  .  .  .  .  .  .  .,393
NEAL GALE (GR).  .  .  .  .  .  .  .  .  .,2
DALE R KERNS JR (LIB)  .  .  .  .  .  .  .,5
WRITE-IN.  .  .  .  .  .  .  .  .  .  .  .,0
,
,
Governor and Lieutenant Governor,
VOTE FOR  1,
TOM WOLF (DEM).  .  .  .  .  .  .  .  .  .,173
SCOTT R WAGNER (REP).  .  .  .  .  .  .  .,390
PAUL GLOVER (GR) .  .  .  .  .  .  .  .  .,4
KEN V KRAWCHUK (LIB).  .  .  .  .  .  .  .,7
WRITE-IN.  .  .  .  .  .  .  .  .  .  .  .,0
,
,
Representative in Congress 15TH DISTRICT,
VOTE FOR  1,
SUSAN BOSER (DEM).  .  .  .  .  .  .  .  .,136
GLENN GT THOMPSON (REP).  .  .  .  .  .  .,437
WRITE-IN.  .  .  .  .  .  .  .  .  .  .  .,0
,
,
Representative in the General Assembly 75TH,DISTRI
VOTE FOR  1,
MATT GABLER (REP/DEM)  .  .  .  .  .  .  .,554
WRITE-IN.  .  .  .  .  .  .  .  .  .  .  .,7
,
PRECINCT REPORT       UNOFFICIAL RESULTS,
RUN DATE:11/16/18,
RUN TIME:10:51 AM,
,
0065 Sandy Township Sabula Pct,
,VOTES
REGISTERED VOTERS - TOTAL .  .  .  .  .  .,645
BALLOTS CAST - TOTAL.  .  .  .  .  .  .  .,372
VOTER TURNOUT - TOTAL  .  .  .  .  .  .  .,
,
,
Straight Party,
VOTE FOR  1,
Democratic (DEM) .  .  .  .  .  .  .  .  .,25
Republican (REP) .  .  .  .  .  .  .  .  .,204
Green (GR) .  .  .  .  .  .  .  .  .  .  .,0
Libertarian (LIB).  .  .  .  .  .  .  .  .,0
,
,
United States Senator,
VOTE FOR  1,
BOB CASEY JR (DEM)  .  .  .  .  .  .  .  .,79
LOU BARLETTA (REP)  .  .  .  .  .  .  .  .,290
NEAL GALE (GR).  .  .  .  .  .  .  .  .  .,0
DALE R KERNS JR (LIB)  .  .  .  .  .  .  .,1
WRITE-IN.  .  .  .  .  .  .  .  .  .  .  .,0
,
,
Governor and Lieutenant Governor,
VOTE FOR  1,
TOM WOLF (DEM).  .  .  .  .  .  .  .  .  .,68
SCOTT R WAGNER (REP).  .  .  .  .  .  .  .,300
PAUL GLOVER (GR) .  .  .  .  .  .  .  .  .,1
KEN V KRAWCHUK (LIB).  .  .  .  .  .  .  .,2
WRITE-IN.  .  .  .  .  .  .  .  .  .  .  .,0
,
,
Representative in Congress 15TH DISTRICT,
VOTE FOR  1,
SUSAN BOSER (DEM).  .  .  .  .  .  .  .  .,57
GLENN GT THOMPSON (REP).  .  .  .  .  .  .,310
WRITE-IN.  .  .  .  .  .  .  .  .  .  .  .,0
,
,
Representative in the General Assembly 75TH,DISTRI
VOTE FOR  1,
MATT GABLER (REP/DEM)  .  .  .  .  .  .  .,359
WRITE-IN.  .  .  .  .  .  .  .  .  .  .  .,3
,
PRECINCT REPORT       UNOFFICIAL RESULTS,
RUN DATE:11/16/18,
RUN TIME:10:51 AM,
,
0066 Sandy Twp Treasure Lake,
,VOTES
REGISTERED VOTERS - TOTAL .  .  .  .  .  .,0
BALLOTS CAST - TOTAL.  .  .  .  .  .  .  .,2007
,
,
Straight Party,
VOTE FOR  1,
Democratic (DEM) .  .  .  .  .  .  .  .  .,316
Republican (REP) .  .  .  .  .  .  .  .  .,893
Green (GR) .  .  .  .  .  .  .  .  .  .  .,2
Libertarian (LIB).  .  .  .  .  .  .  .  .,3
,
,
United States Senator,
VOTE FOR  1,
BOB CASEY JR (DEM)  .  .  .  .  .  .  .  .,651
LOU BARLETTA (REP)  .  .  .  .  .  .  .  .,1321
NEAL GALE (GR).  .  .  .  .  .  .  .  .  .,5
DALE R KERNS JR (LIB)  .  .  .  .  .  .  .,16
WRITE-IN.  .  .  .  .  .  .  .  .  .  .  .,3
,
,
Governor and Lieutenant Governor,
VOTE FOR  1,
TOM WOLF (DEM).  .  .  .  .  .  .  .  .  .,676
SCOTT R WAGNER (REP).  .  .  .  .  .  .  .,1299
PAUL GLOVER (GR) .  .  .  .  .  .  .  .  .,10
KEN V KRAWCHUK (LIB).  .  .  .  .  .  .  .,10
WRITE-IN.  .  .  .  .  .  .  .  .  .  .  .,0
,
,
Representative in Congress 15TH DISTRICT,
VOTE FOR  1,
SUSAN BOSER (DEM).  .  .  .  .  .  .  .  .,555
GLENN GT THOMPSON (REP).  .  .  .  .  .  .,1440
WRITE-IN.  .  .  .  .  .  .  .  .  .  .  .,2
,
,
Representative in the General Assembly 75TH,DISTRI
VOTE FOR  1,
MATT GABLER (REP/DEM)  .  .  .  .  .  .  .,1896
WRITE-IN.  .  .  .  .  .  .  .  .  .  .  .,33
,
PRECINCT REPORT       UNOFFICIAL RESULTS,
RUN DATE:11/16/18,
RUN TIME:10:51 AM,
,
0067 Sandy Township West Sandy,
,VOTES
REGISTERED VOTERS - TOTAL .  .  .  .  .  .,1703
BALLOTS CAST - TOTAL.  .  .  .  .  .  .  .,984
VOTER TURNOUT - TOTAL  .  .  .  .  .  .  .,
,
,
Straight Party,
VOTE FOR  1,
Democratic (DEM) .  .  .  .  .  .  .  .  .,141
Republican (REP) .  .  .  .  .  .  .  .  .,414
Green (GR) .  .  .  .  .  .  .  .  .  .  .,3
Libertarian (LIB).  .  .  .  .  .  .  .  .,2
,
,
United States Senator,
VOTE FOR  1,
BOB CASEY JR (DEM)  .  .  .  .  .  .  .  .,346
LOU BARLETTA (REP)  .  .  .  .  .  .  .  .,613
NEAL GALE (GR).  .  .  .  .  .  .  .  .  .,4
DALE R KERNS JR (LIB)  .  .  .  .  .  .  .,16
WRITE-IN.  .  .  .  .  .  .  .  .  .  .  .,0
,
,
Governor and Lieutenant Governor,
VOTE FOR  1,
TOM WOLF (DEM).  .  .  .  .  .  .  .  .  .,335
SCOTT R WAGNER (REP).  .  .  .  .  .  .  .,632
PAUL GLOVER (GR) .  .  .  .  .  .  .  .  .,5
KEN V KRAWCHUK (LIB).  .  .  .  .  .  .  .,8
WRITE-IN.  .  .  .  .  .  .  .  .  .  .  .,1
,
,
Representative in Congress 15TH DISTRICT,
VOTE FOR  1,
SUSAN BOSER (DEM).  .  .  .  .  .  .  .  .,281
GLENN GT THOMPSON (REP).  .  .  .  .  .  .,699
WRITE-IN.  .  .  .  .  .  .  .  .  .  .  .,0
,
,
Representative in the General Assembly 75TH,DISTRI
VOTE FOR  1,
MATT GABLER (REP/DEM)  .  .  .  .  .  .  .,937
WRITE-IN.  .  .  .  .  .  .  .  .  .  .  .,6
,
PRECINCT REPORT       UNOFFICIAL RESULTS,
RUN DATE:11/16/18,
RUN TIME:10:51 AM,
,
0068 Union Township,
,VOTES
REGISTERED VOTERS - TOTAL .  .  .  .  .  .,0
BALLOTS CAST - TOTAL.  .  .  .  .  .  .  .,425
,
,
Straight Party,
VOTE FOR  1,
Democratic (DEM) .  .  .  .  .  .  .  .  .,32
Republican (REP) .  .  .  .  .  .  .  .  .,216
Green (GR) .  .  .  .  .  .  .  .  .  .  .,1
Libertarian (LIB).  .  .  .  .  .  .  .  .,2
,
,
United States Senator,
VOTE FOR  1,
BOB CASEY JR (DEM)  .  .  .  .  .  .  .  .,96
LOU BARLETTA (REP)  .  .  .  .  .  .  .  .,316
NEAL GALE (GR).  .  .  .  .  .  .  .  .  .,4
DALE R KERNS JR (LIB)  .  .  .  .  .  .  .,4
WRITE-IN.  .  .  .  .  .  .  .  .  .  .  .,0
,
,
Governor and Lieutenant Governor,
VOTE FOR  1,
TOM WOLF (DEM).  .  .  .  .  .  .  .  .  .,97
SCOTT R WAGNER (REP).  .  .  .  .  .  .  .,316
PAUL GLOVER (GR) .  .  .  .  .  .  .  .  .,4
KEN V KRAWCHUK (LIB).  .  .  .  .  .  .  .,5
WRITE-IN.  .  .  .  .  .  .  .  .  .  .  .,0
,
,
Representative in Congress 15TH DISTRICT,
VOTE FOR  1,
SUSAN BOSER (DEM).  .  .  .  .  .  .  .  .,73
GLENN GT THOMPSON (REP).  .  .  .  .  .  .,350
WRITE-IN.  .  .  .  .  .  .  .  .  .  .  .,0
,
,
Representative in the General Assembly 75TH,DISTRI
VOTE FOR  1,
MATT GABLER (REP/DEM)  .  .  .  .  .  .  .,406
WRITE-IN.  .  .  .  .  .  .  .  .  .  .  .,5
,
PRECINCT REPORT       UNOFFICIAL RESULTS,
RUN DATE:11/16/18,
RUN TIME:10:51 AM,
,
0069 Woodward Township 1st,
,VOTES
REGISTERED VOTERS - TOTAL .  .  .  .  .  .,777
BALLOTS CAST - TOTAL.  .  .  .  .  .  .  .,457
VOTER TURNOUT - TOTAL  .  .  .  .  .  .  .,
,
,
Straight Party,
VOTE FOR  1,
Democratic (DEM) .  .  .  .  .  .  .  .  .,93
Republican (REP) .  .  .  .  .  .  .  .  .,153
Green (GR) .  .  .  .  .  .  .  .  .  .  .,2
Libertarian (LIB).  .  .  .  .  .  .  .  .,0
,
,
United States Senator,
VOTE FOR  1,
BOB CASEY JR (DEM)  .  .  .  .  .  .  .  .,194
LOU BARLETTA (REP)  .  .  .  .  .  .  .  .,254
NEAL GALE (GR).  .  .  .  .  .  .  .  .  .,3
DALE R KERNS JR (LIB)  .  .  .  .  .  .  .,1
WRITE-IN.  .  .  .  .  .  .  .  .  .  .  .,0
,
,
Governor and Lieutenant Governor,
VOTE FOR  1,
TOM WOLF (DEM).  .  .  .  .  .  .  .  .  .,185
SCOTT R WAGNER (REP).  .  .  .  .  .  .  .,264
PAUL GLOVER (GR) .  .  .  .  .  .  .  .  .,3
KEN V KRAWCHUK (LIB).  .  .  .  .  .  .  .,1
WRITE-IN.  .  .  .  .  .  .  .  .  .  .  .,0
,
,
Representative in Congress 15TH DISTRICT,
VOTE FOR  1,
SUSAN BOSER (DEM).  .  .  .  .  .  .  .  .,158
GLENN GT THOMPSON (REP).  .  .  .  .  .  .,293
WRITE-IN.  .  .  .  .  .  .  .  .  .  .  .,0
,
,
Representative in the General Assembly 73RD,DISTRI
VOTE FOR  1,
TOMMY SANKEY (REP/DEM) .  .  .  .  .  .  .,435
WRITE-IN.  .  .  .  .  .  .  .  .  .  .  .,5
,
PRECINCT REPORT       UNOFFICIAL RESULTS,
RUN DATE:11/16/18,
RUN TIME:10:51 AM,
,
0070 Woodward Township 2nd,
,VOTES
REGISTERED VOTERS - TOTAL .  .  .  .  .  .,199
BALLOTS CAST - TOTAL.  .  .  .  .  .  .  .,128
VOTER TURNOUT - TOTAL  .  .  .  .  .  .  .,
,
,
Straight Party,
VOTE FOR  1,
Democratic (DEM) .  .  .  .  .  .  .  .  .,30
Republican (REP) .  .  .  .  .  .  .  .  .,35
Green (GR) .  .  .  .  .  .  .  .  .  .  .,0
Libertarian (LIB).  .  .  .  .  .  .  .  .,1
,
,
United States Senator,
VOTE FOR  1,
BOB CASEY JR (DEM)  .  .  .  .  .  .  .  .,66
LOU BARLETTA (REP)  .  .  .  .  .  .  .  .,58
NEAL GALE (GR).  .  .  .  .  .  .  .  .  .,2
DALE R KERNS JR (LIB)  .  .  .  .  .  .  .,2
WRITE-IN.  .  .  .  .  .  .  .  .  .  .  .,0
,
,
Governor and Lieutenant Governor,
VOTE FOR  1,
TOM WOLF (DEM).  .  .  .  .  .  .  .  .  .,58
SCOTT R WAGNER (REP).  .  .  .  .  .  .  .,62
PAUL GLOVER (GR) .  .  .  .  .  .  .  .  .,2
KEN V KRAWCHUK (LIB).  .  .  .  .  .  .  .,4
WRITE-IN.  .  .  .  .  .  .  .  .  .  .  .,1
,
,
Representative in Congress 15TH DISTRICT,
VOTE FOR  1,
SUSAN BOSER (DEM).  .  .  .  .  .  .  .  .,47
GLENN GT THOMPSON (REP).  .  .  .  .  .  .,79
WRITE-IN.  .  .  .  .  .  .  .  .  .  .  .,0
,
,
Representative in the General Assembly 73RD,DISTRI
VOTE FOR  1,
TOMMY SANKEY (REP/DEM) .  .  .  .  .  .  .,118
WRITE-IN.  .  .  .  .  .  .  .  .  .  .  .,3